,wavenumbers,absorbance
0,452.797478329393,0.1842105263157895
1,452.797478329393,0.19736842105263153
2,452.797478329393,0.1907894736842105
3,452.797478329393,0.20394736842105265
4,455.5949566587865,0.1907894736842105
5,455.5949566587865,0.19736842105263153
6,458.3924349881795,0.19736842105263153
7,458.3924349881795,0.20394736842105265
8,458.3924349881795,0.1907894736842105
9,458.3924349881795,0.1842105263157895
10,461.189913317573,0.1842105263157895
11,461.189913317573,0.19736842105263153
12,461.189913317573,0.1907894736842105
13,463.987391646966,0.20394736842105265
14,463.987391646966,0.19736842105263153
15,466.78486997635946,0.1907894736842105
16,466.78486997635946,0.19736842105263153
17,469.5823483057525,0.1842105263157895
18,469.5823483057525,0.1907894736842105
19,469.5823483057525,0.17763157894736847
20,472.37982663514595,0.17763157894736847
21,475.17730496453896,0.17105263157894735
22,475.17730496453896,0.17763157894736847
23,477.97478329393243,0.17105263157894735
24,480.77226162332545,0.17105263157894735
25,483.56973995271846,0.1578947368421053
26,483.56973995271846,0.16447368421052633
27,483.56973995271846,0.17105263157894735
28,486.36721828211193,0.1578947368421053
29,489.16469661150495,0.13815789473684215
30,489.16469661150495,0.1578947368421053
31,489.16469661150495,0.14473684210526316
32,489.16469661150495,0.15131578947368418
33,491.9621749408984,0.13815789473684215
34,491.9621749408984,0.14473684210526316
35,494.75965327029144,0.14473684210526316
36,494.75965327029144,0.13815789473684215
37,497.5571315996849,0.13815789473684215
38,500.3546099290779,0.13815789473684215
39,500.3546099290779,0.13157894736842102
40,503.1520882584714,0.13157894736842102
41,505.9495665878644,0.13157894736842102
42,508.7470449172579,0.125
43,508.7470449172579,0.13157894736842102
44,511.5445232466509,0.13157894736842102
45,514.3420015760439,0.13157894736842102
46,514.3420015760439,0.11842105263157898
47,514.3420015760439,0.125
48,517.1394799054374,0.11842105263157898
49,519.9369582348304,0.11184210526315785
50,519.9369582348304,0.11842105263157898
51,522.7344365642239,0.11184210526315785
52,522.7344365642239,0.11842105263157898
53,525.5319148936169,0.11842105263157898
54,525.5319148936169,0.11184210526315785
55,528.3293932230104,0.11184210526315785
56,531.1268715524034,0.11184210526315785
57,531.1268715524034,0.11842105263157898
58,533.9243498817968,0.11842105263157898
59,533.9243498817968,0.11184210526315785
60,536.7218282111899,0.11184210526315785
61,539.5193065405833,0.11184210526315785
62,542.3167848699763,0.10526315789473684
63,542.3167848699763,0.11184210526315785
64,545.1142631993694,0.10526315789473684
65,547.9117415287628,0.10526315789473684
66,550.7092198581558,0.09868421052631582
67,550.7092198581558,0.10526315789473684
68,553.5066981875493,0.09868421052631582
69,556.3041765169423,0.09868421052631582
70,559.1016548463358,0.09868421052631582
71,561.8991331757288,0.09868421052631582
72,564.6966115051223,0.10526315789473684
73,564.6966115051223,0.09868421052631582
74,567.4940898345153,0.09868421052631582
75,570.2915681639088,0.10526315789473684
76,570.2915681639088,0.09868421052631582
77,573.0890464933018,0.10526315789473684
78,575.8865248226948,0.11184210526315785
79,575.8865248226948,0.10526315789473684
80,578.6840031520883,0.11184210526315785
81,578.6840031520883,0.11842105263157898
82,581.4814814814813,0.11842105263157898
83,581.4814814814813,0.125
84,584.2789598108748,0.125
85,587.0764381402678,0.125
86,587.0764381402678,0.11842105263157898
87,589.8739164696613,0.125
88,589.8739164696613,0.11842105263157898
89,592.6713947990543,0.11842105263157898
90,595.4688731284477,0.11842105263157898
91,598.2663514578408,0.11842105263157898
92,601.0638297872342,0.11184210526315785
93,601.0638297872342,0.11842105263157898
94,603.8613081166272,0.11184210526315785
95,606.6587864460207,0.11184210526315785
96,606.6587864460207,0.10526315789473684
97,609.4562647754137,0.10526315789473684
98,612.2537431048067,0.09868421052631582
99,612.2537431048067,0.10526315789473684
100,615.0512214342002,0.09868421052631582
101,617.8486997635932,0.09868421052631582
102,620.6461780929867,0.09868421052631582
103,620.6461780929867,0.09210526315789469
104,623.4436564223797,0.09210526315789469
105,626.2411347517732,0.09210526315789469
106,626.2411347517732,0.08552631578947367
107,629.0386130811662,0.08552631578947367
108,629.0386130811662,0.07894736842105265
109,631.8360914105597,0.07894736842105265
110,634.6335697399527,0.07894736842105265
111,634.6335697399527,0.07236842105263153
112,637.4310480693462,0.07236842105263153
113,640.2285263987392,0.07236842105263153
114,643.0260047281322,0.06578947368421051
115,643.0260047281322,0.07236842105263153
116,645.8234830575257,0.06578947368421051
117,648.6209613869187,0.06578947368421051
118,651.4184397163122,0.06578947368421051
119,651.4184397163122,0.05921052631578949
120,654.2159180457052,0.06578947368421051
121,654.2159180457052,0.05921052631578949
122,657.0133963750986,0.05921052631578949
123,659.8108747044917,0.05921052631578949
124,662.6083530338851,0.052631578947368474
125,662.6083530338851,0.05921052631578949
126,665.4058313632781,0.052631578947368474
127,668.2033096926716,0.052631578947368474
128,668.2033096926716,0.046052631578947345
129,671.0007880220646,0.046052631578947345
130,671.0007880220646,0.03947368421052633
131,673.7982663514576,0.03289473684210531
132,673.7982663514576,0.03947368421052633
133,676.5957446808511,0.03289473684210531
134,679.3932230102441,0.03289473684210531
135,682.1907013396376,0.03289473684210531
136,684.9881796690306,0.03947368421052633
137,684.9881796690306,0.03289473684210531
138,687.7856579984241,0.03947368421052633
139,690.5831363278171,0.03947368421052633
140,693.3806146572106,0.03947368421052633
141,693.3806146572106,0.046052631578947345
142,696.1780929866036,0.046052631578947345
143,698.9755713159971,0.046052631578947345
144,701.7730496453901,0.052631578947368474
145,701.7730496453901,0.046052631578947345
146,707.3680063041766,0.052631578947368474
147,707.3680063041766,0.05921052631578949
148,707.3680063041766,0.06578947368421051
149,710.1654846335696,0.06578947368421051
150,712.962962962963,0.06578947368421051
151,712.962962962963,0.07894736842105265
152,712.962962962963,0.08552631578947367
153,712.962962962963,0.07236842105263153
154,715.7604412923561,0.08552631578947367
155,718.5579196217495,0.08552631578947367
156,718.5579196217495,0.09210526315789469
157,721.3553979511425,0.09210526315789469
158,724.152876280536,0.08552631578947367
159,724.152876280536,0.09210526315789469
160,726.950354609929,0.08552631578947367
161,729.7478329393225,0.08552631578947367
162,729.7478329393225,0.07894736842105265
163,732.5453112687155,0.07894736842105265
164,735.3427895981085,0.07894736842105265
165,735.3427895981085,0.07236842105263153
166,738.140267927502,0.07894736842105265
167,738.140267927502,0.07236842105263153
168,740.937746256895,0.07236842105263153
169,740.937746256895,0.07894736842105265
170,743.7352245862885,0.07894736842105265
171,743.7352245862885,0.07236842105263153
172,746.5327029156815,0.07894736842105265
173,749.330181245075,0.07894736842105265
174,752.127659574468,0.08552631578947367
175,752.127659574468,0.07894736842105265
176,754.9251379038615,0.08552631578947367
177,757.7226162332545,0.08552631578947367
178,760.520094562648,0.08552631578947367
179,763.317572892041,0.08552631578947367
180,763.317572892041,0.09210526315789469
181,766.115051221434,0.09210526315789469
182,768.9125295508275,0.09210526315789469
183,771.7100078802205,0.09210526315789469
184,774.507486209614,0.09210526315789469
185,777.304964539007,0.09210526315789469
186,777.304964539007,0.08552631578947367
187,780.1024428684004,0.08552631578947367
188,780.1024428684004,0.07894736842105265
189,782.8999211977934,0.07894736842105265
190,785.6973995271869,0.07894736842105265
191,788.4948778565799,0.07894736842105265
192,791.2923561859734,0.07236842105263153
193,791.2923561859734,0.07894736842105265
194,794.0898345153664,0.07236842105263153
195,796.8873128447594,0.07236842105263153
196,799.6847911741529,0.07236842105263153
197,802.4822695035459,0.07236842105263153
198,805.2797478329394,0.07894736842105265
199,805.2797478329394,0.07236842105263153
200,808.0772261623324,0.07894736842105265
201,810.8747044917259,0.07894736842105265
202,810.8747044917259,0.08552631578947367
203,813.6721828211189,0.07894736842105265
204,813.6721828211189,0.08552631578947367
205,816.4696611505124,0.07894736842105265
206,819.2671394799054,0.07894736842105265
207,819.2671394799054,0.07236842105263153
208,822.0646178092989,0.07236842105263153
209,824.8620961386919,0.06578947368421051
210,824.8620961386919,0.07236842105263153
211,827.6595744680849,0.06578947368421051
212,830.4570527974784,0.06578947368421051
213,833.2545311268714,0.05921052631578949
214,833.2545311268714,0.06578947368421051
215,836.0520094562648,0.05921052631578949
216,838.8494877856579,0.05921052631578949
217,841.6469661150513,0.05921052631578949
218,841.6469661150513,0.052631578947368474
219,844.4444444444443,0.052631578947368474
220,847.2419227738378,0.052631578947368474
221,850.0394011032308,0.052631578947368474
222,852.8368794326243,0.052631578947368474
223,855.6343577620173,0.052631578947368474
224,858.4318360914103,0.046052631578947345
225,858.4318360914103,0.052631578947368474
226,861.2293144208038,0.046052631578947345
227,864.0267927501968,0.046052631578947345
228,866.8242710795903,0.03947368421052633
229,866.8242710795903,0.046052631578947345
230,869.6217494089833,0.03947368421052633
231,872.4192277383768,0.03947368421052633
232,875.2167060677698,0.03289473684210531
233,875.2167060677698,0.03947368421052633
234,878.0141843971633,0.03289473684210531
235,880.8116627265563,0.03289473684210531
236,883.6091410559497,0.03289473684210531
237,886.4066193853428,0.03289473684210531
238,889.2040977147362,0.03289473684210531
239,892.0015760441293,0.03289473684210531
240,894.7990543735223,0.03289473684210531
241,897.5965327029157,0.03289473684210531
242,900.3940110323088,0.03289473684210531
243,903.1914893617022,0.03289473684210531
244,905.9889676910952,0.03289473684210531
245,908.7864460204887,0.03289473684210531
246,911.5839243498817,0.03289473684210531
247,914.3814026792752,0.03289473684210531
248,917.1788810086682,0.03289473684210531
249,919.9763593380617,0.02631578947368418
250,919.9763593380617,0.03289473684210531
251,922.7738376674547,0.02631578947368418
252,925.5713159968477,0.02631578947368418
253,928.3687943262412,0.02631578947368418
254,931.1662726556342,0.02631578947368418
255,933.9637509850277,0.02631578947368418
256,936.7612293144207,0.02631578947368418
257,939.5587076438142,0.02631578947368418
258,942.3561859732072,0.02631578947368418
259,942.3561859732072,0.03289473684210531
260,945.1536643026006,0.03289473684210531
261,945.1536643026006,0.02631578947368418
262,947.9511426319937,0.02631578947368418
263,950.7486209613871,0.02631578947368418
264,953.5460992907801,0.02631578947368418
265,953.5460992907801,0.019736842105263164
266,956.3435776201732,0.019736842105263164
267,959.1410559495666,0.019736842105263164
268,961.9385342789597,0.019736842105263164
269,964.7360126083531,0.019736842105263164
270,967.5334909377461,0.019736842105263164
271,970.3309692671396,0.019736842105263164
272,973.1284475965326,0.019736842105263164
273,975.9259259259261,0.02631578947368418
274,975.9259259259261,0.019736842105263164
275,978.7234042553191,0.02631578947368418
276,978.7234042553191,0.03289473684210531
277,981.5208825847126,0.03289473684210531
278,984.3183609141056,0.03289473684210531
279,987.1158392434986,0.03947368421052633
280,987.1158392434986,0.03289473684210531
281,989.9133175728921,0.046052631578947345
282,989.9133175728921,0.03947368421052633
283,992.7107959022851,0.046052631578947345
284,992.7107959022851,0.052631578947368474
285,995.5082742316786,0.052631578947368474
286,995.5082742316786,0.05921052631578949
287,998.3057525610716,0.05921052631578949
288,998.3057525610716,0.07236842105263153
289,998.3057525610716,0.06578947368421051
290,1001.103230890465,0.07236842105263153
291,1003.9007092198581,0.07236842105263153
292,1003.9007092198581,0.08552631578947367
293,1003.9007092198581,0.07894736842105265
294,1006.6981875492515,0.08552631578947367
295,1006.6981875492515,0.07894736842105265
296,1009.4956658786446,0.07236842105263153
297,1009.4956658786446,0.07894736842105265
298,1009.4956658786446,0.06578947368421051
299,1012.293144208038,0.06578947368421051
300,1012.293144208038,0.05921052631578949
301,1015.090622537431,0.052631578947368474
302,1015.090622537431,0.05921052631578949
303,1017.8881008668241,0.03947368421052633
304,1017.8881008668241,0.052631578947368474
305,1017.8881008668241,0.046052631578947345
306,1020.6855791962175,0.03947368421052633
307,1023.4830575256105,0.03947368421052633
308,1026.280535855004,0.03947368421052633
309,1026.280535855004,0.03289473684210531
310,1029.078014184397,0.03289473684210531
311,1031.8754925137905,0.03289473684210531
312,1034.6729708431835,0.03289473684210531
313,1034.6729708431835,0.02631578947368418
314,1037.470449172577,0.02631578947368418
315,1040.26792750197,0.02631578947368418
316,1043.0654058313635,0.02631578947368418
317,1045.8628841607565,0.02631578947368418
318,1048.6603624901495,0.03289473684210531
319,1048.6603624901495,0.02631578947368418
320,1051.457840819543,0.03289473684210531
321,1054.255319148936,0.03289473684210531
322,1057.0527974783295,0.03289473684210531
323,1059.8502758077225,0.03289473684210531
324,1062.647754137116,0.03289473684210531
325,1065.445232466509,0.03289473684210531
326,1065.445232466509,0.03947368421052633
327,1068.2427107959024,0.03947368421052633
328,1071.0401891252955,0.03947368421052633
329,1073.837667454689,0.03947368421052633
330,1076.635145784082,0.03947368421052633
331,1079.432624113475,0.046052631578947345
332,1079.432624113475,0.03947368421052633
333,1082.2301024428684,0.046052631578947345
334,1085.0275807722614,0.046052631578947345
335,1087.825059101655,0.046052631578947345
336,1090.622537431048,0.046052631578947345
337,1093.4200157604414,0.046052631578947345
338,1096.2174940898344,0.046052631578947345
339,1096.2174940898344,0.052631578947368474
340,1099.014972419228,0.052631578947368474
341,1101.812450748621,0.052631578947368474
342,1101.812450748621,0.05921052631578949
343,1104.6099290780144,0.05921052631578949
344,1104.6099290780144,0.06578947368421051
345,1107.4074074074074,0.07236842105263153
346,1107.4074074074074,0.06578947368421051
347,1110.2048857368004,0.07894736842105265
348,1110.2048857368004,0.08552631578947367
349,1110.2048857368004,0.07236842105263153
350,1110.2048857368004,0.09210526315789469
351,1113.0023640661939,0.09210526315789469
352,1115.799842395587,0.09210526315789469
353,1115.799842395587,0.09868421052631582
354,1118.5973207249804,0.09868421052631582
355,1121.3947990543734,0.10526315789473684
356,1121.3947990543734,0.09868421052631582
357,1124.1922773837669,0.10526315789473684
358,1126.9897557131599,0.10526315789473684
359,1129.7872340425533,0.10526315789473684
360,1132.5847123719464,0.10526315789473684
361,1135.3821907013398,0.10526315789473684
362,1138.1796690307328,0.10526315789473684
363,1138.1796690307328,0.09868421052631582
364,1140.9771473601263,0.09210526315789469
365,1140.9771473601263,0.09868421052631582
366,1143.7746256895193,0.09210526315789469
367,1146.5721040189123,0.09210526315789469
368,1146.5721040189123,0.08552631578947367
369,1149.3695823483058,0.07894736842105265
370,1149.3695823483058,0.08552631578947367
371,1152.1670606776988,0.07894736842105265
372,1152.1670606776988,0.07236842105263153
373,1154.9645390070923,0.07236842105263153
374,1157.7620173364853,0.07236842105263153
375,1160.5594956658788,0.06578947368421051
376,1160.5594956658788,0.07236842105263153
377,1163.3569739952718,0.06578947368421051
378,1166.1544523246653,0.06578947368421051
379,1168.9519306540583,0.06578947368421051
380,1171.7494089834518,0.07236842105263153
381,1171.7494089834518,0.06578947368421051
382,1174.5468873128448,0.07894736842105265
383,1174.5468873128448,0.07236842105263153
384,1177.3443656422378,0.07894736842105265
385,1177.3443656422378,0.07236842105263153
386,1180.1418439716313,0.07236842105263153
387,1182.9393223010243,0.07236842105263153
388,1182.9393223010243,0.06578947368421051
389,1185.7368006304177,0.06578947368421051
390,1188.5342789598108,0.06578947368421051
391,1191.3317572892042,0.06578947368421051
392,1194.1292356185972,0.06578947368421051
393,1196.9267139479907,0.07236842105263153
394,1196.9267139479907,0.06578947368421051
395,1199.7241922773837,0.07894736842105265
396,1199.7241922773837,0.07236842105263153
397,1202.5216706067772,0.08552631578947367
398,1202.5216706067772,0.07894736842105265
399,1205.3191489361702,0.08552631578947367
400,1208.1166272655632,0.08552631578947367
401,1208.1166272655632,0.09210526315789469
402,1210.9141055949567,0.09210526315789469
403,1213.7115839243497,0.09210526315789469
404,1216.5090622537432,0.09210526315789469
405,1219.3065405831362,0.09210526315789469
406,1222.1040189125297,0.09868421052631582
407,1222.1040189125297,0.09210526315789469
408,1224.9014972419227,0.09868421052631582
409,1227.6989755713162,0.10526315789473684
410,1227.6989755713162,0.09868421052631582
411,1230.4964539007092,0.11184210526315785
412,1230.4964539007092,0.10526315789473684
413,1233.2939322301027,0.11842105263157898
414,1233.2939322301027,0.11184210526315785
415,1236.0914105594957,0.125
416,1236.0914105594957,0.11842105263157898
417,1238.8888888888887,0.13815789473684215
418,1238.8888888888887,0.125
419,1238.8888888888887,0.13157894736842102
420,1241.6863672182822,0.14473684210526316
421,1241.6863672182822,0.13815789473684215
422,1244.4838455476752,0.14473684210526316
423,1247.2813238770686,0.14473684210526316
424,1247.2813238770686,0.15131578947368418
425,1250.0788022064617,0.1578947368421053
426,1250.0788022064617,0.15131578947368418
427,1252.8762805358551,0.1578947368421053
428,1255.6737588652481,0.1578947368421053
429,1258.4712371946416,0.1578947368421053
430,1261.2687155240346,0.1578947368421053
431,1264.066193853428,0.1578947368421053
432,1266.8636721828211,0.1578947368421053
433,1269.6611505122141,0.15131578947368418
434,1269.6611505122141,0.1578947368421053
435,1272.4586288416076,0.15131578947368418
436,1275.2561071710006,0.15131578947368418
437,1275.2561071710006,0.14473684210526316
438,1278.053585500394,0.14473684210526316
439,1280.851063829787,0.14473684210526316
440,1283.6485421591806,0.14473684210526316
441,1286.4460204885736,0.13815789473684215
442,1286.4460204885736,0.14473684210526316
443,1289.243498817967,0.13815789473684215
444,1292.04097714736,0.13815789473684215
445,1294.8384554767536,0.13815789473684215
446,1294.8384554767536,0.14473684210526316
447,1297.6359338061466,0.14473684210526316
448,1300.4334121355396,0.15131578947368418
449,1300.4334121355396,0.14473684210526316
450,1303.230890464933,0.15131578947368418
451,1303.230890464933,0.14473684210526316
452,1306.028368794326,0.14473684210526316
453,1308.8258471237195,0.13815789473684215
454,1308.8258471237195,0.13157894736842102
455,1308.8258471237195,0.14473684210526316
456,1311.6233254531126,0.13157894736842102
457,1314.420803782506,0.13157894736842102
458,1317.218282111899,0.13157894736842102
459,1317.218282111899,0.125
460,1320.0157604412925,0.11184210526315785
461,1320.0157604412925,0.125
462,1320.0157604412925,0.11842105263157898
463,1322.8132387706855,0.11184210526315785
464,1322.8132387706855,0.10526315789473684
465,1325.610717100079,0.10526315789473684
466,1328.408195429472,0.10526315789473684
467,1331.205673758865,0.10526315789473684
468,1334.0031520882585,0.10526315789473684
469,1336.8006304176515,0.10526315789473684
470,1339.598108747045,0.10526315789473684
471,1339.598108747045,0.11184210526315785
472,1342.395587076438,0.11842105263157898
473,1342.395587076438,0.11184210526315785
474,1345.1930654058315,0.11842105263157898
475,1347.9905437352245,0.125
476,1347.9905437352245,0.11842105263157898
477,1350.788022064618,0.125
478,1353.585500394011,0.13157894736842102
479,1353.585500394011,0.125
480,1356.3829787234044,0.13157894736842102
481,1359.1804570527975,0.13815789473684215
482,1359.1804570527975,0.13157894736842102
483,1361.9779353821905,0.13815789473684215
484,1361.9779353821905,0.13157894736842102
485,1364.775413711584,0.13157894736842102
486,1367.572892040977,0.13157894736842102
487,1370.3703703703704,0.13815789473684215
488,1370.3703703703704,0.13157894736842102
489,1373.1678486997635,0.13157894736842102
490,1373.1678486997635,0.13815789473684215
491,1375.965327029157,0.11842105263157898
492,1375.965327029157,0.13157894736842102
493,1375.965327029157,0.125
494,1378.76280535855,0.11842105263157898
495,1381.5602836879434,0.11842105263157898
496,1381.5602836879434,0.11184210526315785
497,1384.3577620173364,0.11184210526315785
498,1384.3577620173364,0.09868421052631582
499,1384.3577620173364,0.10526315789473684
500,1387.15524034673,0.10526315789473684
501,1387.15524034673,0.09868421052631582
502,1389.952718676123,0.11184210526315785
503,1389.952718676123,0.10526315789473684
504,1392.750197005516,0.11842105263157898
505,1392.750197005516,0.11184210526315785
506,1395.5476753349094,0.13157894736842102
507,1395.5476753349094,0.125
508,1395.5476753349094,0.11842105263157898
509,1398.3451536643024,0.13815789473684215
510,1398.3451536643024,0.13157894736842102
511,1401.1426319936959,0.15131578947368418
512,1401.1426319936959,0.13815789473684215
513,1401.1426319936959,0.14473684210526316
514,1403.940110323089,0.16447368421052633
515,1403.940110323089,0.15131578947368418
516,1403.940110323089,0.1578947368421053
517,1406.7375886524824,0.16447368421052633
518,1406.7375886524824,0.17105263157894735
519,1409.5350669818754,0.17105263157894735
520,1409.5350669818754,0.17763157894736847
521,1412.3325453112689,0.1842105263157895
522,1412.3325453112689,0.17763157894736847
523,1415.1300236406619,0.19736842105263153
524,1415.1300236406619,0.1842105263157895
525,1415.1300236406619,0.1907894736842105
526,1417.9275019700553,0.19736842105263153
527,1420.7249802994484,0.19736842105263153
528,1420.7249802994484,0.20394736842105265
529,1423.5224586288418,0.20394736842105265
530,1426.3199369582348,0.20394736842105265
531,1426.3199369582348,0.21052631578947367
532,1426.3199369582348,0.2171052631578947
533,1429.1174152876279,0.22368421052631582
534,1429.1174152876279,0.23026315789473684
535,1429.1174152876279,0.2171052631578947
536,1431.9148936170213,0.25
537,1431.9148936170213,0.23026315789473684
538,1431.9148936170213,0.23684210526315785
539,1431.9148936170213,0.24342105263157898
540,1434.7123719464144,0.25
541,1434.7123719464144,0.256578947368421
542,1437.5098502758078,0.26973684210526316
543,1437.5098502758078,0.256578947368421
544,1437.5098502758078,0.26315789473684215
545,1440.3073286052008,0.26973684210526316
546,1440.3073286052008,0.2763157894736842
547,1443.1048069345943,0.2763157894736842
548,1445.9022852639873,0.2763157894736842
549,1445.9022852639873,0.29605263157894735
550,1445.9022852639873,0.2894736842105263
551,1445.9022852639873,0.2828947368421053
552,1448.6997635933808,0.3157894736842105
553,1448.6997635933808,0.3092105263157895
554,1448.6997635933808,0.29605263157894735
555,1448.6997635933808,0.3026315789473685
556,1451.4972419227738,0.3355263157894737
557,1451.4972419227738,0.3223684210526315
558,1451.4972419227738,0.32894736842105265
559,1451.4972419227738,0.3157894736842105
560,1454.2947202521673,0.3355263157894737
561,1454.2947202521673,0.3421052631578947
562,1457.0921985815603,0.3421052631578947
563,1457.0921985815603,0.3355263157894737
564,1459.8896769109533,0.3355263157894737
565,1462.6871552403468,0.3026315789473685
566,1462.6871552403468,0.3092105263157895
567,1462.6871552403468,0.29605263157894735
568,1462.6871552403468,0.3223684210526315
569,1462.6871552403468,0.3157894736842105
570,1462.6871552403468,0.32894736842105265
571,1462.6871552403468,0.2894736842105263
572,1462.6871552403468,0.3355263157894737
573,1465.4846335697398,0.25
574,1465.4846335697398,0.2828947368421053
575,1465.4846335697398,0.24342105263157898
576,1465.4846335697398,0.26315789473684215
577,1465.4846335697398,0.2763157894736842
578,1465.4846335697398,0.26973684210526316
579,1465.4846335697398,0.256578947368421
580,1465.4846335697398,0.2894736842105263
581,1468.2821118991333,0.22368421052631582
582,1468.2821118991333,0.2171052631578947
583,1468.2821118991333,0.24342105263157898
584,1468.2821118991333,0.23026315789473684
585,1468.2821118991333,0.21052631578947367
586,1468.2821118991333,0.23684210526315785
587,1471.0795902285263,0.19736842105263153
588,1471.0795902285263,0.20394736842105265
589,1471.0795902285263,0.1907894736842105
590,1471.0795902285263,0.1842105263157895
591,1471.0795902285263,0.21052631578947367
592,1473.8770685579198,0.1842105263157895
593,1473.8770685579198,0.17763157894736847
594,1476.6745468873128,0.17763157894736847
595,1479.4720252167062,0.17763157894736847
596,1482.2695035460993,0.17763157894736847
597,1482.2695035460993,0.17105263157894735
598,1482.2695035460993,0.16447368421052633
599,1485.0669818754927,0.16447368421052633
600,1485.0669818754927,0.1578947368421053
601,1487.8644602048857,0.15131578947368418
602,1487.8644602048857,0.14473684210526316
603,1487.8644602048857,0.1578947368421053
604,1487.8644602048857,0.13815789473684215
605,1490.6619385342788,0.13815789473684215
606,1490.6619385342788,0.13157894736842102
607,1493.4594168636722,0.11842105263157898
608,1493.4594168636722,0.125
609,1493.4594168636722,0.13157894736842102
610,1496.2568951930652,0.11842105263157898
611,1496.2568951930652,0.11184210526315785
612,1499.0543735224587,0.11184210526315785
613,1501.8518518518517,0.11184210526315785
614,1501.8518518518517,0.10526315789473684
615,1504.6493301812452,0.10526315789473684
616,1507.4468085106382,0.10526315789473684
617,1510.2442868400317,0.10526315789473684
618,1513.0417651694247,0.09868421052631582
619,1513.0417651694247,0.10526315789473684
620,1515.8392434988182,0.10526315789473684
621,1518.6367218282112,0.11184210526315785
622,1518.6367218282112,0.10526315789473684
623,1521.4342001576042,0.11184210526315785
624,1524.2316784869977,0.11184210526315785
625,1524.2316784869977,0.11842105263157898
626,1527.0291568163907,0.13157894736842102
627,1527.0291568163907,0.125
628,1527.0291568163907,0.11842105263157898
629,1529.8266351457842,0.13157894736842102
630,1532.6241134751772,0.13157894736842102
631,1532.6241134751772,0.13815789473684215
632,1532.6241134751772,0.14473684210526316
633,1535.4215918045707,0.14473684210526316
634,1535.4215918045707,0.15131578947368418
635,1538.2190701339637,0.15131578947368418
636,1538.2190701339637,0.1578947368421053
637,1541.0165484633571,0.16447368421052633
638,1541.0165484633571,0.1578947368421053
639,1543.8140267927502,0.16447368421052633
640,1543.8140267927502,0.17105263157894735
641,1546.6115051221436,0.17763157894736847
642,1546.6115051221436,0.17105263157894735
643,1549.4089834515366,0.17763157894736847
644,1552.2064617809297,0.17763157894736847
645,1552.2064617809297,0.1842105263157895
646,1555.0039401103231,0.1842105263157895
647,1557.8014184397161,0.1842105263157895
648,1560.5988967691096,0.1842105263157895
649,1563.3963750985026,0.1842105263157895
650,1563.3963750985026,0.17763157894736847
651,1566.193853427896,0.17763157894736847
652,1568.9913317572891,0.17763157894736847
653,1571.7888100866826,0.17763157894736847
654,1574.5862884160756,0.17105263157894735
655,1574.5862884160756,0.17763157894736847
656,1577.383766745469,0.17763157894736847
657,1577.383766745469,0.17105263157894735
658,1580.181245074862,0.17763157894736847
659,1582.978723404255,0.1842105263157895
660,1582.978723404255,0.17763157894736847
661,1585.7762017336486,0.1907894736842105
662,1585.7762017336486,0.1842105263157895
663,1588.5736800630416,0.21052631578947367
664,1588.5736800630416,0.19736842105263153
665,1588.5736800630416,0.1907894736842105
666,1588.5736800630416,0.20394736842105265
667,1591.371158392435,0.22368421052631582
668,1591.371158392435,0.2171052631578947
669,1591.371158392435,0.21052631578947367
670,1594.168636721828,0.256578947368421
671,1594.168636721828,0.23684210526315785
672,1594.168636721828,0.23026315789473684
673,1594.168636721828,0.24342105263157898
674,1594.168636721828,0.25
675,1594.168636721828,0.22368421052631582
676,1596.9661150512215,0.2763157894736842
677,1596.9661150512215,0.256578947368421
678,1596.9661150512215,0.26315789473684215
679,1596.9661150512215,0.26973684210526316
680,1599.7635933806146,0.29605263157894735
681,1599.7635933806146,0.3026315789473685
682,1599.7635933806146,0.3092105263157895
683,1599.7635933806146,0.2894736842105263
684,1599.7635933806146,0.2828947368421053
685,1599.7635933806146,0.3157894736842105
686,1599.7635933806146,0.2763157894736842
687,1602.561071710008,0.3355263157894737
688,1602.561071710008,0.3223684210526315
689,1602.561071710008,0.3157894736842105
690,1602.561071710008,0.32894736842105265
691,1605.358550039401,0.3486842105263158
692,1605.358550039401,0.3355263157894737
693,1605.358550039401,0.35526315789473684
694,1605.358550039401,0.3421052631578947
695,1608.1560283687945,0.35526315789473684
696,1610.9535066981875,0.3486842105263158
697,1610.9535066981875,0.35526315789473684
698,1613.7509850275806,0.3223684210526315
699,1613.7509850275806,0.3486842105263158
700,1613.7509850275806,0.3421052631578947
701,1613.7509850275806,0.32894736842105265
702,1613.7509850275806,0.3355263157894737
703,1616.548463356974,0.3092105263157895
704,1616.548463356974,0.29605263157894735
705,1616.548463356974,0.3223684210526315
706,1616.548463356974,0.3157894736842105
707,1616.548463356974,0.3026315789473685
708,1619.345941686367,0.2828947368421053
709,1619.345941686367,0.24342105263157898
710,1619.345941686367,0.2763157894736842
711,1619.345941686367,0.25
712,1619.345941686367,0.26973684210526316
713,1619.345941686367,0.26315789473684215
714,1619.345941686367,0.256578947368421
715,1619.345941686367,0.29605263157894735
716,1619.345941686367,0.2894736842105263
717,1622.1434200157605,0.22368421052631582
718,1622.1434200157605,0.24342105263157898
719,1622.1434200157605,0.2171052631578947
720,1622.1434200157605,0.23026315789473684
721,1622.1434200157605,0.23684210526315785
722,1624.9408983451535,0.19736842105263153
723,1624.9408983451535,0.20394736842105265
724,1624.9408983451535,0.17763157894736847
725,1624.9408983451535,0.1907894736842105
726,1624.9408983451535,0.1842105263157895
727,1624.9408983451535,0.2171052631578947
728,1624.9408983451535,0.21052631578947367
729,1624.9408983451535,0.17105263157894735
730,1627.738376674547,0.1578947368421053
731,1627.738376674547,0.17105263157894735
732,1627.738376674547,0.16447368421052633
733,1630.53585500394,0.1578947368421053
734,1630.53585500394,0.14473684210526316
735,1630.53585500394,0.15131578947368418
736,1633.3333333333335,0.14473684210526316
737,1636.1308116627265,0.14473684210526316
738,1636.1308116627265,0.15131578947368418
739,1638.92828999212,0.15131578947368418
740,1638.92828999212,0.1578947368421053
741,1641.725768321513,0.1578947368421053
742,1641.725768321513,0.16447368421052633
743,1644.523246650906,0.17105263157894735
744,1644.523246650906,0.16447368421052633
745,1644.523246650906,0.17763157894736847
746,1647.3207249802995,0.1842105263157895
747,1647.3207249802995,0.17763157894736847
748,1650.1182033096925,0.1907894736842105
749,1650.1182033096925,0.1842105263157895
750,1652.915681639086,0.1907894736842105
751,1652.915681639086,0.19736842105263153
752,1655.713159968479,0.19736842105263153
753,1655.713159968479,0.20394736842105265
754,1658.5106382978724,0.20394736842105265
755,1661.3081166272655,0.20394736842105265
756,1661.3081166272655,0.19736842105263153
757,1661.3081166272655,0.1907894736842105
758,1664.105594956659,0.1907894736842105
759,1664.105594956659,0.1842105263157895
760,1666.903073286052,0.17763157894736847
761,1669.7005516154454,0.14473684210526316
762,1669.7005516154454,0.17105263157894735
763,1669.7005516154454,0.17763157894736847
764,1669.7005516154454,0.1578947368421053
765,1669.7005516154454,0.16447368421052633
766,1669.7005516154454,0.15131578947368418
767,1672.4980299448384,0.13815789473684215
768,1672.4980299448384,0.13157894736842102
769,1672.4980299448384,0.14473684210526316
770,1675.2955082742315,0.13157894736842102
771,1675.2955082742315,0.11184210526315785
772,1675.2955082742315,0.125
773,1675.2955082742315,0.10526315789473684
774,1675.2955082742315,0.09868421052631582
775,1675.2955082742315,0.09210526315789469
776,1675.2955082742315,0.11842105263157898
777,1678.092986603625,0.07894736842105265
778,1678.092986603625,0.09210526315789469
779,1678.092986603625,0.08552631578947367
780,1680.890464933018,0.07236842105263153
781,1680.890464933018,0.06578947368421051
782,1680.890464933018,0.05921052631578949
783,1680.890464933018,0.052631578947368474
784,1680.890464933018,0.07894736842105265
785,1683.6879432624114,0.052631578947368474
786,1683.6879432624114,0.046052631578947345
787,1686.4854215918044,0.046052631578947345
788,1686.4854215918044,0.03947368421052633
789,1689.282899921198,0.03947368421052633
790,1689.282899921198,0.03289473684210531
791,1692.080378250591,0.02631578947368418
792,1692.080378250591,0.03289473684210531
793,1694.8778565799844,0.02631578947368418
794,1697.6753349093774,0.02631578947368418
795,1700.4728132387709,0.02631578947368418
796,1703.2702915681639,0.02631578947368418
797,1706.0677698975574,0.019736842105263164
798,1706.0677698975574,0.02631578947368418
799,1708.8652482269504,0.019736842105263164
800,1711.6627265563434,0.019736842105263164
801,1714.4602048857369,0.019736842105263164
802,1717.2576832151299,0.019736842105263164
803,1720.0551615445233,0.019736842105263164
804,1722.8526398739164,0.019736842105263164
805,1725.6501182033098,0.019736842105263164
806,1728.4475965327028,0.019736842105263164
807,1731.2450748620963,0.019736842105263164
808,1734.0425531914893,0.019736842105263164
809,1736.8400315208828,0.019736842105263164
810,1739.6375098502758,0.019736842105263164
811,1742.4349881796688,0.019736842105263164
812,1745.2324665090623,0.019736842105263164
813,1748.0299448384553,0.019736842105263164
814,1750.8274231678488,0.019736842105263164
815,1753.6249014972418,0.019736842105263164
816,1756.4223798266353,0.019736842105263164
817,1759.2198581560283,0.019736842105263164
818,1762.0173364854218,0.019736842105263164
819,1764.8148148148148,0.019736842105263164
820,1767.6122931442083,0.019736842105263164
821,1770.4097714736013,0.019736842105263164
822,1773.2072498029943,0.019736842105263164
823,1776.0047281323878,0.019736842105263164
824,1778.8022064617808,0.019736842105263164
825,1781.5996847911742,0.019736842105263164
826,1784.3971631205673,0.019736842105263164
827,1787.1946414499607,0.019736842105263164
828,1789.9921197793537,0.019736842105263164
829,1792.7895981087472,0.019736842105263164
830,1795.5870764381402,0.019736842105263164
831,1798.3845547675337,0.019736842105263164
832,1801.1820330969267,0.019736842105263164
833,1803.9795114263197,0.019736842105263164
834,1806.7769897557132,0.019736842105263164
835,1809.5744680851062,0.019736842105263164
836,1812.3719464144997,0.019736842105263164
837,1815.1694247438927,0.019736842105263164
838,1817.9669030732862,0.019736842105263164
839,1820.7643814026792,0.019736842105263164
840,1823.5618597320727,0.019736842105263164
841,1826.3593380614657,0.019736842105263164
842,1829.1568163908591,0.019736842105263164
843,1831.9542947202522,0.019736842105263164
844,1834.7517730496452,0.019736842105263164
845,1837.5492513790387,0.019736842105263164
846,1840.3467297084317,0.019736842105263164
847,1843.1442080378251,0.019736842105263164
848,1845.9416863672182,0.019736842105263164
849,1848.7391646966116,0.019736842105263164
850,1851.5366430260046,0.019736842105263164
851,1854.334121355398,0.019736842105263164
852,1857.1315996847911,0.019736842105263164
853,1859.9290780141846,0.019736842105263164
854,1862.7265563435776,0.019736842105263164
855,1865.5240346729706,0.019736842105263164
856,1868.321513002364,0.019736842105263164
857,1871.1189913317571,0.019736842105263164
858,1873.9164696611506,0.019736842105263164
859,1876.7139479905436,0.019736842105263164
860,1879.511426319937,0.019736842105263164
861,1882.30890464933,0.019736842105263164
862,1885.1063829787236,0.019736842105263164
863,1887.9038613081166,0.019736842105263164
864,1890.70133963751,0.019736842105263164
865,1893.498817966903,0.019736842105263164
866,1896.296296296296,0.019736842105263164
867,1899.0937746256895,0.019736842105263164
868,1901.8912529550826,0.019736842105263164
869,1904.688731284476,0.019736842105263164
870,1907.486209613869,0.019736842105263164
871,1910.2836879432625,0.019736842105263164
872,1913.0811662726555,0.019736842105263164
873,1915.878644602049,0.019736842105263164
874,1918.676122931442,0.019736842105263164
875,1921.4736012608355,0.019736842105263164
876,1924.2710795902285,0.019736842105263164
877,1927.0685579196215,0.019736842105263164
878,1929.866036249015,0.019736842105263164
879,1932.663514578408,0.019736842105263164
880,1935.4609929078015,0.019736842105263164
881,1938.2584712371945,0.019736842105263164
882,1941.055949566588,0.019736842105263164
883,1943.853427895981,0.019736842105263164
884,1946.6509062253745,0.019736842105263164
885,1949.4483845547675,0.019736842105263164
886,1952.2458628841607,0.019736842105263164
887,1955.043341213554,0.019736842105263164
888,1957.8408195429472,0.019736842105263164
889,1960.6382978723404,0.019736842105263164
890,1963.4357762017337,0.019736842105263164
891,1966.233254531127,0.019736842105263164
892,1969.0307328605202,0.019736842105263164
893,1971.8282111899134,0.019736842105263164
894,1974.6256895193064,0.019736842105263164
895,1977.4231678486997,0.019736842105263164
896,1980.220646178093,0.019736842105263164
897,1983.0181245074862,0.019736842105263164
898,1985.8156028368794,0.019736842105263164
899,1988.6130811662727,0.019736842105263164
900,1991.410559495666,0.019736842105263164
901,1994.2080378250591,0.019736842105263164
902,1994.2080378250591,0.013157894736842146
903,1997.0055161544524,0.013157894736842146
904,1997.0055161544524,0.019736842105263164
905,1999.8029944838456,0.019736842105263164
906,2002.6004728132389,0.019736842105263164
907,2005.3979511426319,0.019736842105263164
908,2008.1954294720251,0.019736842105263164
909,2010.9929078014184,0.019736842105263164
910,2013.7903861308116,0.019736842105263164
911,2016.5878644602049,0.019736842105263164
912,2019.385342789598,0.019736842105263164
913,2022.1828211189913,0.019736842105263164
914,2024.9802994483846,0.019736842105263164
915,2027.7777777777778,0.019736842105263164
916,2030.575256107171,0.019736842105263164
917,2033.3727344365643,0.019736842105263164
918,2036.1702127659576,0.019736842105263164
919,2038.9676910953506,0.019736842105263164
920,2041.7651694247438,0.019736842105263164
921,2044.562647754137,0.019736842105263164
922,2047.3601260835303,0.019736842105263164
923,2050.1576044129233,0.019736842105263164
924,2052.955082742317,0.019736842105263164
925,2055.7525610717103,0.019736842105263164
926,2058.5500394011033,0.019736842105263164
927,2061.3475177304963,0.019736842105263164
928,2064.1449960598898,0.019736842105263164
929,2066.9424743892832,0.019736842105263164
930,2069.7399527186762,0.019736842105263164
931,2072.5374310480693,0.019736842105263164
932,2075.3349093774623,0.019736842105263164
933,2078.1323877068558,0.019736842105263164
934,2080.929866036249,0.019736842105263164
935,2083.7273443656422,0.019736842105263164
936,2086.5248226950353,0.019736842105263164
937,2089.3223010244287,0.019736842105263164
938,2092.119779353822,0.019736842105263164
939,2094.917257683215,0.019736842105263164
940,2097.7147360126082,0.019736842105263164
941,2100.5122143420012,0.019736842105263164
942,2103.3096926713947,0.019736842105263164
943,2106.107171000788,0.019736842105263164
944,2108.904649330181,0.019736842105263164
945,2111.702127659574,0.019736842105263164
946,2114.4996059889677,0.019736842105263164
947,2117.297084318361,0.019736842105263164
948,2120.094562647754,0.019736842105263164
949,2122.892040977147,0.019736842105263164
950,2125.6895193065407,0.019736842105263164
951,2128.486997635934,0.019736842105263164
952,2128.486997635934,0.02631578947368418
953,2131.284475965327,0.02631578947368418
954,2134.08195429472,0.02631578947368418
955,2136.879432624113,0.02631578947368418
956,2139.6769109535066,0.02631578947368418
957,2142.4743892829,0.02631578947368418
958,2145.271867612293,0.02631578947368418
959,2148.069345941686,0.02631578947368418
960,2150.8668242710796,0.02631578947368418
961,2153.664302600473,0.02631578947368418
962,2156.461780929866,0.02631578947368418
963,2159.259259259259,0.02631578947368418
964,2162.0567375886526,0.02631578947368418
965,2164.8542159180456,0.02631578947368418
966,2167.651694247439,0.02631578947368418
967,2170.449172576832,0.02631578947368418
968,2173.246650906225,0.02631578947368418
969,2176.0441292356186,0.02631578947368418
970,2178.841607565012,0.02631578947368418
971,2181.639085894405,0.02631578947368418
972,2184.436564223798,0.02631578947368418
973,2187.2340425531916,0.02631578947368418
974,2190.031520882585,0.02631578947368418
975,2192.828999211978,0.02631578947368418
976,2195.626477541371,0.02631578947368418
977,2198.423955870764,0.02631578947368418
978,2201.2214342001575,0.02631578947368418
979,2204.018912529551,0.02631578947368418
980,2206.816390858944,0.02631578947368418
981,2209.613869188337,0.02631578947368418
982,2212.4113475177305,0.02631578947368418
983,2215.208825847124,0.02631578947368418
984,2215.208825847124,0.019736842105263164
985,2218.006304176517,0.019736842105263164
986,2220.80378250591,0.019736842105263164
987,2223.6012608353035,0.019736842105263164
988,2226.3987391646965,0.019736842105263164
989,2229.19621749409,0.019736842105263164
990,2231.993695823483,0.019736842105263164
991,2234.791174152876,0.019736842105263164
992,2237.5886524822695,0.019736842105263164
993,2240.386130811663,0.019736842105263164
994,2243.183609141056,0.019736842105263164
995,2245.981087470449,0.019736842105263164
996,2248.7785657998425,0.019736842105263164
997,2251.576044129236,0.019736842105263164
998,2254.373522458629,0.019736842105263164
999,2257.171000788022,0.019736842105263164
1000,2259.968479117415,0.019736842105263164
1001,2262.7659574468084,0.019736842105263164
1002,2265.563435776202,0.019736842105263164
1003,2268.360914105595,0.019736842105263164
1004,2271.158392434988,0.019736842105263164
1005,2273.9558707643814,0.019736842105263164
1006,2276.753349093775,0.019736842105263164
1007,2279.550827423168,0.019736842105263164
1008,2282.348305752561,0.019736842105263164
1009,2285.1457840819544,0.019736842105263164
1010,2287.9432624113474,0.019736842105263164
1011,2290.740740740741,0.019736842105263164
1012,2293.538219070134,0.019736842105263164
1013,2296.335697399527,0.019736842105263164
1014,2299.1331757289204,0.019736842105263164
1015,2301.930654058314,0.019736842105263164
1016,2304.728132387707,0.019736842105263164
1017,2307.5256107171,0.019736842105263164
1018,2310.3230890464934,0.019736842105263164
1019,2313.120567375887,0.019736842105263164
1020,2315.91804570528,0.019736842105263164
1021,2318.715524034673,0.019736842105263164
1022,2321.513002364066,0.019736842105263164
1023,2324.3104806934593,0.019736842105263164
1024,2327.107959022853,0.019736842105263164
1025,2329.905437352246,0.019736842105263164
1026,2332.702915681639,0.019736842105263164
1027,2335.5003940110323,0.019736842105263164
1028,2338.297872340426,0.019736842105263164
1029,2341.095350669819,0.019736842105263164
1030,2343.892828999212,0.019736842105263164
1031,2346.6903073286053,0.019736842105263164
1032,2349.4877856579988,0.019736842105263164
1033,2352.2852639873918,0.019736842105263164
1034,2355.082742316785,0.019736842105263164
1035,2357.880220646178,0.019736842105263164
1036,2360.6776989755713,0.019736842105263164
1037,2363.4751773049647,0.019736842105263164
1038,2366.2726556343578,0.019736842105263164
1039,2369.070133963751,0.019736842105263164
1040,2371.8676122931442,0.019736842105263164
1041,2374.6650906225377,0.019736842105263164
1042,2374.6650906225377,0.02631578947368418
1043,2377.4625689519307,0.02631578947368418
1044,2380.2600472813238,0.02631578947368418
1045,2383.0575256107168,0.02631578947368418
1046,2385.8550039401102,0.02631578947368418
1047,2388.6524822695037,0.02631578947368418
1048,2391.4499605988967,0.02631578947368418
1049,2394.2474389282897,0.02631578947368418
1050,2397.044917257683,0.02631578947368418
1051,2399.8423955870767,0.02631578947368418
1052,2402.6398739164697,0.02631578947368418
1053,2405.4373522458627,0.02631578947368418
1054,2408.234830575256,0.02631578947368418
1055,2411.0323089046497,0.02631578947368418
1056,2413.8297872340427,0.02631578947368418
1057,2416.6272655634357,0.02631578947368418
1058,2419.4247438928287,0.02631578947368418
1059,2422.222222222222,0.02631578947368418
1060,2425.0197005516156,0.02631578947368418
1061,2427.8171788810087,0.02631578947368418
1062,2430.6146572104017,0.02631578947368418
1063,2433.412135539795,0.02631578947368418
1064,2436.2096138691886,0.02631578947368418
1065,2436.2096138691886,0.03289473684210531
1066,2439.0070921985816,0.03289473684210531
1067,2441.8045705279746,0.03289473684210531
1068,2444.602048857368,0.03289473684210531
1069,2447.399527186761,0.03289473684210531
1070,2450.1970055161546,0.03289473684210531
1071,2452.9944838455476,0.03289473684210531
1072,2455.7919621749406,0.03289473684210531
1073,2458.589440504334,0.03289473684210531
1074,2461.3869188337276,0.03289473684210531
1075,2464.1843971631206,0.03289473684210531
1076,2466.9818754925136,0.03289473684210531
1077,2469.779353821907,0.03289473684210531
1078,2472.5768321513006,0.03289473684210531
1079,2475.3743104806936,0.03947368421052633
1080,2475.3743104806936,0.03289473684210531
1081,2478.1717888100866,0.03947368421052633
1082,2480.9692671394796,0.03947368421052633
1083,2483.766745468873,0.03947368421052633
1084,2486.5642237982665,0.03947368421052633
1085,2489.3617021276596,0.03947368421052633
1086,2492.1591804570526,0.03947368421052633
1087,2494.956658786446,0.03947368421052633
1088,2497.7541371158395,0.03947368421052633
1089,2500.5516154452325,0.03947368421052633
1090,2503.3490937746255,0.03947368421052633
1091,2506.146572104019,0.03947368421052633
1092,2508.944050433412,0.03947368421052633
1093,2511.7415287628055,0.03947368421052633
1094,2514.5390070921985,0.03947368421052633
1095,2517.3364854215915,0.03947368421052633
1096,2520.133963750985,0.046052631578947345
1097,2520.133963750985,0.03947368421052633
1098,2522.9314420803785,0.046052631578947345
1099,2525.7289204097715,0.046052631578947345
1100,2528.5263987391645,0.046052631578947345
1101,2531.323877068558,0.046052631578947345
1102,2534.1213553979514,0.046052631578947345
1103,2536.9188337273445,0.046052631578947345
1104,2539.7163120567375,0.046052631578947345
1105,2542.5137903861305,0.046052631578947345
1106,2545.311268715524,0.046052631578947345
1107,2548.1087470449174,0.046052631578947345
1108,2550.9062253743105,0.046052631578947345
1109,2553.7037037037035,0.046052631578947345
1110,2556.501182033097,0.046052631578947345
1111,2559.2986603624904,0.046052631578947345
1112,2562.0961386918834,0.046052631578947345
1113,2564.8936170212764,0.046052631578947345
1114,2567.69109535067,0.046052631578947345
1115,2570.4885736800634,0.046052631578947345
1116,2570.4885736800634,0.052631578947368474
1117,2573.2860520094564,0.052631578947368474
1118,2576.0835303388494,0.052631578947368474
1119,2578.8810086682424,0.052631578947368474
1120,2581.678486997636,0.052631578947368474
1121,2584.4759653270294,0.052631578947368474
1122,2587.2734436564224,0.052631578947368474
1123,2590.0709219858154,0.052631578947368474
1124,2592.868400315209,0.052631578947368474
1125,2595.6658786446023,0.052631578947368474
1126,2598.4633569739954,0.05921052631578949
1127,2598.4633569739954,0.052631578947368474
1128,2601.2608353033884,0.05921052631578949
1129,2604.0583136327814,0.05921052631578949
1130,2606.855791962175,0.05921052631578949
1131,2609.6532702915683,0.05921052631578949
1132,2612.4507486209613,0.05921052631578949
1133,2615.2482269503544,0.05921052631578949
1134,2618.045705279748,0.05921052631578949
1135,2620.8431836091413,0.05921052631578949
1136,2623.6406619385343,0.05921052631578949
1137,2623.6406619385343,0.06578947368421051
1138,2626.4381402679273,0.06578947368421051
1139,2629.235618597321,0.06578947368421051
1140,2632.0330969267143,0.06578947368421051
1141,2634.8305752561073,0.06578947368421051
1142,2637.6280535855003,0.06578947368421051
1143,2640.4255319148933,0.06578947368421051
1144,2643.223010244287,0.06578947368421051
1145,2643.223010244287,0.07236842105263153
1146,2646.0204885736803,0.07236842105263153
1147,2648.8179669030733,0.07236842105263153
1148,2651.6154452324663,0.07236842105263153
1149,2651.6154452324663,0.07894736842105265
1150,2654.4129235618598,0.07894736842105265
1151,2657.2104018912532,0.07894736842105265
1152,2660.0078802206463,0.07894736842105265
1153,2662.8053585500393,0.07894736842105265
1154,2665.6028368794323,0.07894736842105265
1155,2665.6028368794323,0.08552631578947367
1156,2668.4003152088258,0.08552631578947367
1157,2671.1977935382192,0.08552631578947367
1158,2673.9952718676122,0.08552631578947367
1159,2676.7927501970053,0.08552631578947367
1160,2679.5902285263987,0.08552631578947367
1161,2679.5902285263987,0.09210526315789469
1162,2682.387706855792,0.09210526315789469
1163,2685.185185185185,0.09210526315789469
1164,2687.9826635145782,0.09210526315789469
1165,2690.7801418439717,0.09210526315789469
1166,2693.577620173365,0.09210526315789469
1167,2696.375098502758,0.09210526315789469
1168,2699.172576832151,0.09210526315789469
1169,2701.970055161544,0.09210526315789469
1170,2704.7675334909377,0.09210526315789469
1171,2707.565011820331,0.09210526315789469
1172,2710.362490149724,0.09868421052631582
1173,2710.362490149724,0.09210526315789469
1174,2713.159968479117,0.09868421052631582
1175,2715.9574468085107,0.10526315789473684
1176,2715.9574468085107,0.09868421052631582
1177,2718.754925137904,0.10526315789473684
1178,2721.552403467297,0.10526315789473684
1179,2724.34988179669,0.10526315789473684
1180,2724.34988179669,0.11184210526315785
1181,2727.1473601260836,0.11184210526315785
1182,2729.9448384554767,0.11184210526315785
1183,2729.9448384554767,0.11842105263157898
1184,2732.74231678487,0.11842105263157898
1185,2735.539795114263,0.11842105263157898
1186,2735.539795114263,0.125
1187,2738.337273443656,0.125
1188,2741.1347517730496,0.125
1189,2743.932230102443,0.125
1190,2743.932230102443,0.13157894736842102
1191,2746.729708431836,0.13157894736842102
1192,2749.527186761229,0.13815789473684215
1193,2749.527186761229,0.13157894736842102
1194,2752.3246650906226,0.13815789473684215
1195,2755.122143420016,0.13815789473684215
1196,2755.122143420016,0.14473684210526316
1197,2757.919621749409,0.14473684210526316
1198,2760.717100078802,0.15131578947368418
1199,2760.717100078802,0.14473684210526316
1200,2763.514578408195,0.15131578947368418
1201,2763.514578408195,0.1578947368421053
1202,2766.3120567375886,0.1578947368421053
1203,2766.3120567375886,0.16447368421052633
1204,2769.109535066982,0.16447368421052633
1205,2771.907013396375,0.17105263157894735
1206,2771.907013396375,0.16447368421052633
1207,2771.907013396375,0.17763157894736847
1208,2774.704491725768,0.17763157894736847
1209,2774.704491725768,0.1842105263157895
1210,2777.5019700551616,0.1907894736842105
1211,2777.5019700551616,0.1842105263157895
1212,2780.299448384555,0.20394736842105265
1213,2780.299448384555,0.19736842105263153
1214,2780.299448384555,0.1907894736842105
1215,2783.096926713948,0.20394736842105265
1216,2783.096926713948,0.21052631578947367
1217,2785.894405043341,0.22368421052631582
1218,2785.894405043341,0.2171052631578947
1219,2785.894405043341,0.21052631578947367
1220,2785.894405043341,0.23026315789473684
1221,2788.6918833727345,0.24342105263157898
1222,2788.6918833727345,0.23684210526315785
1223,2788.6918833727345,0.23026315789473684
1224,2791.4893617021276,0.256578947368421
1225,2791.4893617021276,0.26315789473684215
1226,2791.4893617021276,0.24342105263157898
1227,2791.4893617021276,0.25
1228,2794.286840031521,0.26315789473684215
1229,2794.286840031521,0.2763157894736842
1230,2794.286840031521,0.26973684210526316
1231,2797.084318360914,0.2763157894736842
1232,2797.084318360914,0.2828947368421053
1233,2797.084318360914,0.2894736842105263
1234,2797.084318360914,0.3026315789473685
1235,2797.084318360914,0.29605263157894735
1236,2799.881796690307,0.3092105263157895
1237,2799.881796690307,0.3026315789473685
1238,2799.881796690307,0.3157894736842105
1239,2802.6792750197005,0.3223684210526315
1240,2802.6792750197005,0.3157894736842105
1241,2805.476753349094,0.3355263157894737
1242,2805.476753349094,0.3486842105263158
1243,2805.476753349094,0.32894736842105265
1244,2805.476753349094,0.3223684210526315
1245,2805.476753349094,0.3421052631578947
1246,2808.274231678487,0.3486842105263158
1247,2811.07171000788,0.3486842105263158
1248,2811.07171000788,0.36184210526315785
1249,2811.07171000788,0.35526315789473684
1250,2813.8691883372735,0.368421052631579
1251,2813.8691883372735,0.36184210526315785
1252,2816.666666666667,0.375
1253,2816.666666666667,0.368421052631579
1254,2819.46414499606,0.375
1255,2819.46414499606,0.381578947368421
1256,2822.261623325453,0.38815789473684215
1257,2822.261623325453,0.381578947368421
1258,2825.059101654846,0.38815789473684215
1259,2825.059101654846,0.39473684210526316
1260,2825.059101654846,0.4013157894736842
1261,2827.8565799842395,0.4144736842105263
1262,2827.8565799842395,0.4078947368421053
1263,2827.8565799842395,0.4013157894736842
1264,2830.654058313633,0.4342105263157895
1265,2830.654058313633,0.4144736842105263
1266,2830.654058313633,0.42105263157894735
1267,2830.654058313633,0.4276315789473685
1268,2833.451536643026,0.4342105263157895
1269,2833.451536643026,0.4407894736842105
1270,2833.451536643026,0.4473684210526315
1271,2833.451536643026,0.45394736842105265
1272,2836.249014972419,0.4671052631578947
1273,2836.249014972419,0.5
1274,2836.249014972419,0.4736842105263158
1275,2836.249014972419,0.506578947368421
1276,2836.249014972419,0.48026315789473684
1277,2836.249014972419,0.48684210526315785
1278,2836.249014972419,0.5263157894736843
1279,2836.249014972419,0.4605263157894737
1280,2836.249014972419,0.513157894736842
1281,2836.249014972419,0.45394736842105265
1282,2836.249014972419,0.493421052631579
1283,2836.249014972419,0.5197368421052632
1284,2839.0464933018125,0.5592105263157895
1285,2839.0464933018125,0.5526315789473684
1286,2839.0464933018125,0.5723684210526316
1287,2839.0464933018125,0.5657894736842105
1288,2839.0464933018125,0.5328947368421053
1289,2839.0464933018125,0.5263157894736843
1290,2839.0464933018125,0.5394736842105263
1291,2839.0464933018125,0.5460526315789473
1292,2841.843971631206,0.6578947368421053
1293,2841.843971631206,0.6644736842105263
1294,2841.843971631206,0.6513157894736843
1295,2841.843971631206,0.6710526315789473
1296,2841.843971631206,0.631578947368421
1297,2841.843971631206,0.5789473684210527
1298,2841.843971631206,0.5723684210526316
1299,2841.843971631206,0.611842105263158
1300,2841.843971631206,0.6052631578947368
1301,2841.843971631206,0.638157894736842
1302,2841.843971631206,0.5855263157894737
1303,2841.843971631206,0.6447368421052632
1304,2841.843971631206,0.618421052631579
1305,2841.843971631206,0.6776315789473684
1306,2841.843971631206,0.5986842105263157
1307,2841.843971631206,0.5921052631578947
1308,2841.843971631206,0.625
1309,2844.641449960599,0.7039473684210527
1310,2844.641449960599,0.6842105263157895
1311,2844.641449960599,0.6973684210526316
1312,2844.641449960599,0.7171052631578947
1313,2844.641449960599,0.7105263157894737
1314,2844.641449960599,0.6907894736842105
1315,2844.641449960599,0.6776315789473684
1316,2847.438928289992,0.756578947368421
1317,2847.438928289992,0.7236842105263157
1318,2847.438928289992,0.7171052631578947
1319,2847.438928289992,0.743421052631579
1320,2847.438928289992,0.75
1321,2847.438928289992,0.7302631578947368
1322,2847.438928289992,0.736842105263158
1323,2850.2364066193854,0.75
1324,2850.2364066193854,0.7302631578947368
1325,2850.2364066193854,0.736842105263158
1326,2850.2364066193854,0.756578947368421
1327,2850.2364066193854,0.743421052631579
1328,2853.033884948779,0.6842105263157895
1329,2853.033884948779,0.6776315789473684
1330,2853.033884948779,0.7302631578947368
1331,2853.033884948779,0.6710526315789473
1332,2853.033884948779,0.6907894736842105
1333,2853.033884948779,0.7105263157894737
1334,2853.033884948779,0.7171052631578947
1335,2853.033884948779,0.6578947368421053
1336,2853.033884948779,0.7039473684210527
1337,2853.033884948779,0.6644736842105263
1338,2853.033884948779,0.7236842105263157
1339,2853.033884948779,0.6973684210526316
1340,2855.831363278172,0.631578947368421
1341,2855.831363278172,0.638157894736842
1342,2855.831363278172,0.618421052631579
1343,2855.831363278172,0.611842105263158
1344,2855.831363278172,0.6578947368421053
1345,2855.831363278172,0.625
1346,2855.831363278172,0.6513157894736843
1347,2855.831363278172,0.6447368421052632
1348,2858.628841607565,0.611842105263158
1349,2858.628841607565,0.5855263157894737
1350,2858.628841607565,0.5921052631578947
1351,2858.628841607565,0.5986842105263157
1352,2858.628841607565,0.5789473684210527
1353,2858.628841607565,0.5526315789473684
1354,2858.628841607565,0.6052631578947368
1355,2858.628841607565,0.5657894736842105
1356,2858.628841607565,0.5592105263157895
1357,2858.628841607565,0.5460526315789473
1358,2858.628841607565,0.5723684210526316
1359,2861.426319936958,0.5263157894736843
1360,2861.426319936958,0.5460526315789473
1361,2861.426319936958,0.5394736842105263
1362,2861.426319936958,0.5328947368421053
1363,2864.2237982663514,0.5197368421052632
1364,2864.2237982663514,0.5263157894736843
1365,2867.021276595745,0.5
1366,2867.021276595745,0.5197368421052632
1367,2867.021276595745,0.513157894736842
1368,2867.021276595745,0.493421052631579
1369,2867.021276595745,0.506578947368421
1370,2869.818754925138,0.4736842105263158
1371,2869.818754925138,0.48684210526315785
1372,2869.818754925138,0.493421052631579
1373,2869.818754925138,0.48026315789473684
1374,2872.616233254531,0.4671052631578947
1375,2872.616233254531,0.4605263157894737
1376,2872.616233254531,0.4736842105263158
1377,2875.4137115839244,0.4605263157894737
1378,2878.211189913318,0.4671052631578947
1379,2878.211189913318,0.4605263157894737
1380,2878.211189913318,0.4736842105263158
1381,2878.211189913318,0.48026315789473684
1382,2881.008668242711,0.493421052631579
1383,2881.008668242711,0.48684210526315785
1384,2881.008668242711,0.48026315789473684
1385,2883.806146572104,0.506578947368421
1386,2883.806146572104,0.5
1387,2883.806146572104,0.513157894736842
1388,2883.806146572104,0.493421052631579
1389,2886.603624901497,0.513157894736842
1390,2886.603624901497,0.5328947368421053
1391,2886.603624901497,0.5197368421052632
1392,2886.603624901497,0.5263157894736843
1393,2889.4011032308904,0.5394736842105263
1394,2889.4011032308904,0.5460526315789473
1395,2889.4011032308904,0.5526315789473684
1396,2889.4011032308904,0.5328947368421053
1397,2892.198581560284,0.5592105263157895
1398,2892.198581560284,0.5657894736842105
1399,2892.198581560284,0.5723684210526316
1400,2892.198581560284,0.5855263157894737
1401,2892.198581560284,0.5526315789473684
1402,2892.198581560284,0.5789473684210527
1403,2894.996059889677,0.5855263157894737
1404,2894.996059889677,0.5921052631578947
1405,2894.996059889677,0.5986842105263157
1406,2894.996059889677,0.6052631578947368
1407,2897.79353821907,0.611842105263158
1408,2897.79353821907,0.638157894736842
1409,2897.79353821907,0.631578947368421
1410,2897.79353821907,0.625
1411,2897.79353821907,0.618421052631579
1412,2897.79353821907,0.6052631578947368
1413,2900.5910165484634,0.6710526315789473
1414,2900.5910165484634,0.6644736842105263
1415,2900.5910165484634,0.6513157894736843
1416,2900.5910165484634,0.6578947368421053
1417,2900.5910165484634,0.6447368421052632
1418,2900.5910165484634,0.638157894736842
1419,2903.388494877857,0.7171052631578947
1420,2903.388494877857,0.6776315789473684
1421,2903.388494877857,0.6710526315789473
1422,2903.388494877857,0.6842105263157895
1423,2903.388494877857,0.6907894736842105
1424,2903.388494877857,0.7236842105263157
1425,2903.388494877857,0.7105263157894737
1426,2903.388494877857,0.7039473684210527
1427,2903.388494877857,0.6973684210526316
1428,2906.18597320725,0.75
1429,2906.18597320725,0.7236842105263157
1430,2906.18597320725,0.743421052631579
1431,2906.18597320725,0.736842105263158
1432,2906.18597320725,0.7631578947368421
1433,2906.18597320725,0.7302631578947368
1434,2906.18597320725,0.756578947368421
1435,2908.983451536643,0.8552631578947368
1436,2908.983451536643,0.8421052631578947
1437,2908.983451536643,0.8289473684210527
1438,2908.983451536643,0.8486842105263158
1439,2908.983451536643,0.8223684210526316
1440,2908.983451536643,0.7631578947368421
1441,2908.983451536643,0.7697368421052632
1442,2908.983451536643,0.7763157894736842
1443,2908.983451536643,0.8355263157894737
1444,2908.983451536643,0.7894736842105263
1445,2908.983451536643,0.7828947368421053
1446,2908.983451536643,0.7960526315789473
1447,2908.983451536643,0.8026315789473684
1448,2908.983451536643,0.8092105263157895
1449,2908.983451536643,0.8157894736842105
1450,2911.7809298660363,0.8947368421052632
1451,2911.7809298660363,0.875
1452,2911.7809298660363,0.868421052631579
1453,2911.7809298660363,0.8618421052631579
1454,2911.7809298660363,0.8552631578947368
1455,2911.7809298660363,0.8881578947368421
1456,2911.7809298660363,0.881578947368421
1457,2914.57840819543,0.9144736842105263
1458,2914.57840819543,0.8947368421052632
1459,2914.57840819543,0.9868421052631579
1460,2914.57840819543,0.9802631578947368
1461,2914.57840819543,0.9736842105263158
1462,2914.57840819543,0.9342105263157895
1463,2914.57840819543,0.9276315789473684
1464,2914.57840819543,0.9605263157894737
1465,2914.57840819543,0.9671052631578947
1466,2914.57840819543,0.9539473684210527
1467,2914.57840819543,0.9473684210526316
1468,2914.57840819543,0.9407894736842105
1469,2914.57840819543,0.9078947368421053
1470,2914.57840819543,0.9013157894736842
1471,2914.57840819543,0.9210526315789473
1472,2917.375886524823,0.9868421052631579
1473,2917.375886524823,0.993421052631579
1474,2917.375886524823,1.0
1475,2922.970843183609,0.9802631578947368
1476,2922.970843183609,0.9868421052631579
1477,2922.970843183609,0.993421052631579
1478,2922.970843183609,1.0
1479,2925.7683215130023,0.9671052631578947
1480,2925.7683215130023,0.9539473684210527
1481,2925.7683215130023,0.9473684210526316
1482,2925.7683215130023,0.9736842105263158
1483,2925.7683215130023,0.9605263157894737
1484,2925.7683215130023,0.9802631578947368
1485,2928.565799842396,0.9473684210526316
1486,2928.565799842396,0.9407894736842105
1487,2928.565799842396,0.9342105263157895
1488,2928.565799842396,0.881578947368421
1489,2928.565799842396,0.9276315789473684
1490,2928.565799842396,0.8881578947368421
1491,2928.565799842396,0.8552631578947368
1492,2928.565799842396,0.9144736842105263
1493,2928.565799842396,0.9078947368421053
1494,2928.565799842396,0.8618421052631579
1495,2928.565799842396,0.9013157894736842
1496,2928.565799842396,0.868421052631579
1497,2928.565799842396,0.8947368421052632
1498,2928.565799842396,0.875
1499,2928.565799842396,0.9210526315789473
1500,2931.363278171789,0.8355263157894737
1501,2931.363278171789,0.8157894736842105
1502,2931.363278171789,0.8092105263157895
1503,2931.363278171789,0.8223684210526316
1504,2931.363278171789,0.8289473684210527
1505,2931.363278171789,0.8552631578947368
1506,2931.363278171789,0.8486842105263158
1507,2931.363278171789,0.8421052631578947
1508,2934.160756501182,0.7236842105263157
1509,2934.160756501182,0.8026315789473684
1510,2934.160756501182,0.756578947368421
1511,2934.160756501182,0.7171052631578947
1512,2934.160756501182,0.7960526315789473
1513,2934.160756501182,0.7894736842105263
1514,2934.160756501182,0.75
1515,2934.160756501182,0.7697368421052632
1516,2934.160756501182,0.8092105263157895
1517,2934.160756501182,0.7631578947368421
1518,2934.160756501182,0.7828947368421053
1519,2934.160756501182,0.7302631578947368
1520,2934.160756501182,0.736842105263158
1521,2934.160756501182,0.743421052631579
1522,2934.160756501182,0.7763157894736842
1523,2936.9582348305753,0.6776315789473684
1524,2936.9582348305753,0.7171052631578947
1525,2936.9582348305753,0.7105263157894737
1526,2936.9582348305753,0.6973684210526316
1527,2936.9582348305753,0.6842105263157895
1528,2936.9582348305753,0.6907894736842105
1529,2936.9582348305753,0.7039473684210527
1530,2939.7557131599688,0.631578947368421
1531,2939.7557131599688,0.638157894736842
1532,2939.7557131599688,0.625
1533,2939.7557131599688,0.6644736842105263
1534,2939.7557131599688,0.6710526315789473
1535,2939.7557131599688,0.6578947368421053
1536,2939.7557131599688,0.6447368421052632
1537,2939.7557131599688,0.6776315789473684
1538,2939.7557131599688,0.6513157894736843
1539,2939.7557131599688,0.611842105263158
1540,2939.7557131599688,0.6052631578947368
1541,2939.7557131599688,0.618421052631579
1542,2942.553191489362,0.5986842105263157
1543,2942.553191489362,0.5921052631578947
1544,2942.553191489362,0.6052631578947368
1545,2942.553191489362,0.5855263157894737
1546,2945.350669818755,0.5855263157894737
1547,2945.350669818755,0.5789473684210527
1548,2948.148148148148,0.5789473684210527
1549,2948.148148148148,0.5723684210526316
1550,2948.148148148148,0.5657894736842105
1551,2948.148148148148,0.5592105263157895
1552,2950.9456264775413,0.5394736842105263
1553,2950.9456264775413,0.5460526315789473
1554,2950.9456264775413,0.5526315789473684
1555,2950.9456264775413,0.5592105263157895
1556,2950.9456264775413,0.5328947368421053
1557,2953.7431048069348,0.48684210526315785
1558,2953.7431048069348,0.5263157894736843
1559,2953.7431048069348,0.493421052631579
1560,2953.7431048069348,0.5
1561,2953.7431048069348,0.5197368421052632
1562,2953.7431048069348,0.513157894736842
1563,2953.7431048069348,0.5328947368421053
1564,2953.7431048069348,0.506578947368421
1565,2956.5405831363278,0.4605263157894737
1566,2956.5405831363278,0.48684210526315785
1567,2956.5405831363278,0.4671052631578947
1568,2956.5405831363278,0.45394736842105265
1569,2956.5405831363278,0.4736842105263158
1570,2956.5405831363278,0.48026315789473684
1571,2959.338061465721,0.381578947368421
1572,2959.338061465721,0.4407894736842105
1573,2959.338061465721,0.4473684210526315
1574,2959.338061465721,0.38815789473684215
1575,2959.338061465721,0.39473684210526316
1576,2959.338061465721,0.4013157894736842
1577,2959.338061465721,0.4078947368421053
1578,2959.338061465721,0.4144736842105263
1579,2959.338061465721,0.4342105263157895
1580,2959.338061465721,0.42105263157894735
1581,2959.338061465721,0.4276315789473685
1582,2959.338061465721,0.45394736842105265
1583,2962.1355397951143,0.36184210526315785
1584,2962.1355397951143,0.35526315789473684
1585,2962.1355397951143,0.381578947368421
1586,2962.1355397951143,0.3486842105263158
1587,2962.1355397951143,0.368421052631579
1588,2962.1355397951143,0.375
1589,2964.9330181245077,0.3486842105263158
1590,2964.9330181245077,0.3421052631578947
1591,2964.9330181245077,0.3355263157894737
1592,2964.9330181245077,0.32894736842105265
1593,2964.9330181245077,0.3223684210526315
1594,2964.9330181245077,0.3157894736842105
1595,2964.9330181245077,0.3092105263157895
1596,2964.9330181245077,0.2894736842105263
1597,2964.9330181245077,0.3026315789473685
1598,2964.9330181245077,0.29605263157894735
1599,2967.7304964539007,0.2763157894736842
1600,2967.7304964539007,0.26973684210526316
1601,2967.7304964539007,0.2828947368421053
1602,2967.7304964539007,0.2894736842105263
1603,2970.5279747832938,0.25
1604,2970.5279747832938,0.24342105263157898
1605,2970.5279747832938,0.23026315789473684
1606,2970.5279747832938,0.256578947368421
1607,2970.5279747832938,0.26973684210526316
1608,2970.5279747832938,0.23684210526315785
1609,2970.5279747832938,0.26315789473684215
1610,2973.3254531126872,0.22368421052631582
1611,2973.3254531126872,0.2171052631578947
1612,2973.3254531126872,0.23026315789473684
1613,2973.3254531126872,0.21052631578947367
1614,2976.1229314420802,0.21052631578947367
1615,2976.1229314420802,0.20394736842105265
1616,2976.1229314420802,0.19736842105263153
1617,2978.9204097714737,0.19736842105263153
1618,2978.9204097714737,0.1907894736842105
1619,2978.9204097714737,0.1842105263157895
1620,2978.9204097714737,0.17763157894736847
1621,2981.7178881008667,0.17763157894736847
1622,2981.7178881008667,0.17105263157894735
1623,2981.7178881008667,0.16447368421052633
1624,2984.51536643026,0.15131578947368418
1625,2984.51536643026,0.1578947368421053
1626,2984.51536643026,0.16447368421052633
1627,2987.312844759653,0.15131578947368418
1628,2990.1103230890467,0.14473684210526316
1629,2990.1103230890467,0.15131578947368418
1630,2992.9078014184397,0.14473684210526316
1631,2992.9078014184397,0.13815789473684215
1632,2995.7052797478327,0.13815789473684215
1633,2998.502758077226,0.13815789473684215
1634,3001.3002364066197,0.13157894736842102
1635,3001.3002364066197,0.13815789473684215
1636,3004.0977147360127,0.13157894736842102
1637,3006.8951930654057,0.125
1638,3006.8951930654057,0.13157894736842102
1639,3009.692671394799,0.125
1640,3012.490149724192,0.11842105263157898
1641,3012.490149724192,0.125
1642,3015.2876280535856,0.11842105263157898
1643,3018.0851063829787,0.11842105263157898
1644,3020.8825847123717,0.11842105263157898
1645,3023.680063041765,0.11842105263157898
1646,3026.4775413711586,0.11842105263157898
1647,3029.2750197005516,0.11842105263157898
1648,3032.0724980299447,0.11842105263157898
1649,3034.869976359338,0.11842105263157898
1650,3037.667454688731,0.11842105263157898
1651,3040.4649330181246,0.11184210526315785
1652,3040.4649330181246,0.11842105263157898
1653,3043.2624113475176,0.11184210526315785
1654,3046.059889676911,0.11184210526315785
1655,3048.857368006304,0.11184210526315785
1656,3051.6548463356976,0.10526315789473684
1657,3051.6548463356976,0.11184210526315785
1658,3054.4523246650906,0.10526315789473684
1659,3057.2498029944836,0.10526315789473684
1660,3060.047281323877,0.10526315789473684
1661,3060.047281323877,0.09868421052631582
1662,3062.8447596532706,0.09868421052631582
1663,3065.6422379826636,0.09868421052631582
1664,3068.4397163120566,0.09868421052631582
1665,3068.4397163120566,0.09210526315789469
1666,3071.23719464145,0.09210526315789469
1667,3074.034672970843,0.09210526315789469
1668,3076.8321513002365,0.09210526315789469
1669,3079.6296296296296,0.09210526315789469
1670,3082.4271079590226,0.09210526315789469
1671,3082.4271079590226,0.08552631578947367
1672,3085.224586288416,0.08552631578947367
1673,3088.0220646178095,0.08552631578947367
1674,3090.8195429472025,0.08552631578947367
1675,3093.6170212765956,0.08552631578947367
1676,3096.414499605989,0.08552631578947367
1677,3099.211977935382,0.08552631578947367
1678,3102.0094562647755,0.08552631578947367
1679,3104.8069345941685,0.08552631578947367
1680,3107.604412923562,0.08552631578947367
1681,3110.401891252955,0.08552631578947367
1682,3113.1993695823485,0.08552631578947367
1683,3115.9968479117415,0.08552631578947367
1684,3118.7943262411345,0.08552631578947367
1685,3121.591804570528,0.08552631578947367
1686,3124.3892828999215,0.08552631578947367
1687,3127.1867612293145,0.08552631578947367
1688,3127.1867612293145,0.09210526315789469
1689,3129.9842395587075,0.09210526315789469
1690,3132.781717888101,0.09210526315789469
1691,3135.579196217494,0.09210526315789469
1692,3138.3766745468874,0.09210526315789469
1693,3141.1741528762805,0.09210526315789469
1694,3143.9716312056735,0.09868421052631582
1695,3143.9716312056735,0.09210526315789469
1696,3146.769109535067,0.09868421052631582
1697,3149.5665878644604,0.09868421052631582
1698,3152.3640661938534,0.09868421052631582
1699,3155.1615445232464,0.09868421052631582
1700,3157.95902285264,0.10526315789473684
1701,3157.95902285264,0.09868421052631582
1702,3160.756501182033,0.10526315789473684
1703,3163.5539795114264,0.11184210526315785
1704,3163.5539795114264,0.10526315789473684
1705,3166.3514578408194,0.11184210526315785
1706,3169.148936170213,0.11184210526315785
1707,3171.946414499606,0.11184210526315785
1708,3174.7438928289994,0.11184210526315785
1709,3174.7438928289994,0.11842105263157898
1710,3177.5413711583924,0.11842105263157898
1711,3180.3388494877854,0.11842105263157898
1712,3183.136327817179,0.11842105263157898
1713,3185.9338061465724,0.11842105263157898
1714,3185.9338061465724,0.125
1715,3188.7312844759654,0.125
1716,3191.5287628053584,0.125
1717,3194.326241134752,0.125
1718,3197.123719464145,0.125
1719,3199.9211977935383,0.125
1720,3202.7186761229314,0.125
1721,3202.7186761229314,0.13157894736842102
1722,3205.516154452325,0.13157894736842102
1723,3208.313632781718,0.13157894736842102
1724,3211.1111111111113,0.13157894736842102
1725,3213.9085894405043,0.13815789473684215
1726,3213.9085894405043,0.13157894736842102
1727,3216.7060677698973,0.13815789473684215
1728,3219.503546099291,0.13815789473684215
1729,3222.3010244286843,0.13815789473684215
1730,3225.0985027580773,0.13815789473684215
1731,3227.8959810874703,0.13815789473684215
1732,3230.693459416864,0.14473684210526316
1733,3230.693459416864,0.13815789473684215
1734,3233.490937746257,0.14473684210526316
1735,3236.2884160756503,0.15131578947368418
1736,3236.2884160756503,0.14473684210526316
1737,3239.0858944050433,0.15131578947368418
1738,3241.8833727344363,0.15131578947368418
1739,3244.68085106383,0.1578947368421053
1740,3244.68085106383,0.15131578947368418
1741,3247.4783293932232,0.1578947368421053
1742,3250.2758077226163,0.1578947368421053
1743,3250.2758077226163,0.16447368421052633
1744,3253.0732860520093,0.16447368421052633
1745,3255.8707643814028,0.16447368421052633
1746,3258.6682427107958,0.16447368421052633
1747,3261.4657210401892,0.16447368421052633
1748,3264.2631993695823,0.16447368421052633
1749,3264.2631993695823,0.17105263157894735
1750,3267.0606776989757,0.17105263157894735
1751,3269.8581560283687,0.17105263157894735
1752,3272.655634357762,0.17105263157894735
1753,3275.453112687155,0.17105263157894735
1754,3278.2505910165482,0.17105263157894735
1755,3281.0480693459417,0.17105263157894735
1756,3283.845547675335,0.17105263157894735
1757,3286.643026004728,0.17105263157894735
1758,3286.643026004728,0.16447368421052633
1759,3289.440504334121,0.16447368421052633
1760,3292.2379826635147,0.16447368421052633
1761,3295.0354609929077,0.16447368421052633
1762,3297.832939322301,0.16447368421052633
1763,3300.630417651694,0.16447368421052633
1764,3300.630417651694,0.1578947368421053
1765,3303.427895981087,0.1578947368421053
1766,3306.2253743104807,0.15131578947368418
1767,3306.2253743104807,0.1578947368421053
1768,3309.022852639874,0.14473684210526316
1769,3309.022852639874,0.15131578947368418
1770,3311.820330969267,0.14473684210526316
1771,3314.61780929866,0.14473684210526316
1772,3317.4152876280536,0.13815789473684215
1773,3317.4152876280536,0.14473684210526316
1774,3320.2127659574467,0.13815789473684215
1775,3323.01024428684,0.13815789473684215
1776,3325.807722616233,0.13157894736842102
1777,3325.807722616233,0.13815789473684215
1778,3328.6052009456266,0.13157894736842102
1779,3331.4026792750196,0.125
1780,3331.4026792750196,0.13157894736842102
1781,3334.200157604413,0.125
1782,3336.997635933806,0.125
1783,3336.997635933806,0.11842105263157898
1784,3339.795114263199,0.11842105263157898
1785,3342.5925925925926,0.11842105263157898
1786,3345.390070921986,0.11184210526315785
1787,3345.390070921986,0.11842105263157898
1788,3348.187549251379,0.11184210526315785
1789,3350.985027580772,0.11184210526315785
1790,3353.7825059101656,0.11184210526315785
1791,3356.5799842395586,0.11184210526315785
1792,3359.377462568952,0.11184210526315785
1793,3362.174940898345,0.10526315789473684
1794,3362.174940898345,0.11184210526315785
1795,3364.972419227738,0.10526315789473684
1796,3367.7698975571316,0.09868421052631582
1797,3367.7698975571316,0.10526315789473684
1798,3370.567375886525,0.09868421052631582
1799,3373.364854215918,0.09868421052631582
1800,3373.364854215918,0.09210526315789469
1801,3376.162332545311,0.09210526315789469
1802,3378.9598108747045,0.09210526315789469
1803,3381.7572892040976,0.09210526315789469
1804,3381.7572892040976,0.08552631578947367
1805,3384.554767533491,0.08552631578947367
1806,3387.352245862884,0.08552631578947367
1807,3387.352245862884,0.07894736842105265
1808,3390.1497241922775,0.07894736842105265
1809,3392.9472025216705,0.07894736842105265
1810,3395.744680851064,0.07236842105263153
1811,3395.744680851064,0.07894736842105265
1812,3398.542159180457,0.07236842105263153
1813,3401.33963750985,0.07236842105263153
1814,3404.1371158392435,0.07236842105263153
1815,3406.934594168637,0.06578947368421051
1816,3406.934594168637,0.07236842105263153
1817,3409.73207249803,0.06578947368421051
1818,3412.529550827423,0.06578947368421051
1819,3415.3270291568165,0.06578947368421051
1820,3418.1245074862095,0.06578947368421051
1821,3420.921985815603,0.06578947368421051
1822,3423.719464144996,0.06578947368421051
1823,3423.719464144996,0.05921052631578949
1824,3426.5169424743895,0.05921052631578949
1825,3429.3144208037825,0.05921052631578949
1826,3432.111899133176,0.05921052631578949
1827,3434.909377462569,0.05921052631578949
1828,3437.706855791962,0.05921052631578949
1829,3440.5043341213554,0.05921052631578949
1830,3443.3018124507485,0.05921052631578949
1831,3446.099290780142,0.05921052631578949
1832,3446.099290780142,0.052631578947368474
1833,3448.896769109535,0.052631578947368474
1834,3451.6942474389284,0.052631578947368474
1835,3454.4917257683214,0.052631578947368474
1836,3457.289204097715,0.052631578947368474
1837,3460.086682427108,0.052631578947368474
1838,3462.884160756501,0.052631578947368474
1839,3465.6816390858944,0.052631578947368474
1840,3468.479117415288,0.046052631578947345
1841,3468.479117415288,0.052631578947368474
1842,3471.276595744681,0.046052631578947345
1843,3474.074074074074,0.046052631578947345
1844,3476.8715524034674,0.046052631578947345
1845,3479.6690307328604,0.046052631578947345
1846,3482.466509062254,0.046052631578947345
1847,3485.263987391647,0.046052631578947345
1848,3488.0614657210403,0.046052631578947345
1849,3490.8589440504334,0.046052631578947345
1850,3493.656422379827,0.046052631578947345
1851,3496.45390070922,0.03947368421052633
1852,3496.45390070922,0.046052631578947345
1853,3499.251379038613,0.03947368421052633
1854,3502.0488573680063,0.03947368421052633
1855,3504.8463356973994,0.03947368421052633
1856,3507.643814026793,0.03947368421052633
1857,3510.441292356186,0.03947368421052633
1858,3513.2387706855793,0.03947368421052633
1859,3516.0362490149723,0.03947368421052633
1860,3518.833727344366,0.03947368421052633
1861,3521.631205673759,0.03947368421052633
1862,3524.4286840031523,0.03947368421052633
1863,3527.2261623325453,0.03947368421052633
1864,3527.2261623325453,0.03289473684210531
1865,3530.0236406619388,0.03289473684210531
1866,3532.821118991332,0.03289473684210531
1867,3535.618597320725,0.03289473684210531
1868,3538.4160756501183,0.03289473684210531
1869,3541.2135539795113,0.03289473684210531
1870,3544.0110323089048,0.03289473684210531
1871,3546.808510638298,0.03289473684210531
1872,3549.6059889676912,0.03289473684210531
1873,3552.4034672970843,0.03289473684210531
1874,3552.4034672970843,0.02631578947368418
1875,3555.2009456264777,0.02631578947368418
1876,3557.9984239558707,0.02631578947368418
1877,3560.7959022852638,0.02631578947368418
1878,3563.5933806146572,0.02631578947368418
1879,3566.3908589440503,0.02631578947368418
1880,3569.1883372734437,0.02631578947368418
1881,3571.9858156028367,0.02631578947368418
1882,3574.78329393223,0.02631578947368418
1883,3577.580772261623,0.02631578947368418
1884,3580.3782505910167,0.02631578947368418
1885,3583.1757289204097,0.02631578947368418
1886,3585.973207249803,0.02631578947368418
1887,3588.770685579196,0.02631578947368418
1888,3591.5681639085897,0.02631578947368418
1889,3594.3656422379827,0.02631578947368418
1890,3597.1631205673757,0.02631578947368418
1891,3599.960598896769,0.019736842105263164
1892,3599.960598896769,0.02631578947368418
1893,3602.758077226162,0.019736842105263164
1894,3605.5555555555557,0.019736842105263164
1895,3608.3530338849487,0.019736842105263164
1896,3611.150512214342,0.019736842105263164
1897,3613.947990543735,0.019736842105263164
1898,3616.7454688731286,0.019736842105263164
1899,3619.5429472025216,0.019736842105263164
1900,3622.3404255319147,0.019736842105263164
1901,3625.137903861308,0.019736842105263164
1902,3627.935382190701,0.019736842105263164
1903,3630.7328605200946,0.019736842105263164
1904,3633.5303388494876,0.019736842105263164
1905,3636.327817178881,0.019736842105263164
1906,3639.125295508274,0.019736842105263164
1907,3641.9227738376676,0.019736842105263164
1908,3644.7202521670606,0.019736842105263164
1909,3647.517730496454,0.019736842105263164
1910,3650.315208825847,0.019736842105263164
1911,3653.1126871552406,0.019736842105263164
1912,3655.9101654846336,0.019736842105263164
1913,3658.7076438140266,0.019736842105263164
1914,3661.50512214342,0.019736842105263164
1915,3664.302600472813,0.019736842105263164
1916,3667.1000788022066,0.019736842105263164
1917,3669.8975571315996,0.019736842105263164
1918,3672.695035460993,0.019736842105263164
1919,3675.492513790386,0.019736842105263164
1920,3678.2899921197795,0.019736842105263164
1921,3681.0874704491725,0.019736842105263164
1922,3683.8849487785656,0.019736842105263164
1923,3686.682427107959,0.019736842105263164
1924,3689.4799054373525,0.019736842105263164
1925,3692.2773837667455,0.019736842105263164
1926,3695.0748620961385,0.019736842105263164
1927,3697.872340425532,0.019736842105263164
1928,3700.669818754925,0.019736842105263164
1929,3703.4672970843185,0.019736842105263164
1930,3706.2647754137115,0.019736842105263164
1931,3709.062253743105,0.019736842105263164
1932,3711.859732072498,0.019736842105263164
1933,3714.6572104018915,0.019736842105263164
1934,3717.4546887312845,0.019736842105263164
1935,3720.2521670606775,0.019736842105263164
1936,3723.049645390071,0.019736842105263164
1937,3725.847123719464,0.019736842105263164
1938,3728.6446020488575,0.019736842105263164
1939,3731.4420803782505,0.019736842105263164
1940,3734.239558707644,0.019736842105263164
1941,3737.037037037037,0.019736842105263164
1942,3739.8345153664304,0.019736842105263164
1943,3742.6319936958234,0.019736842105263164
1944,3745.429472025217,0.019736842105263164
1945,3748.22695035461,0.019736842105263164
1946,3751.024428684003,0.019736842105263164
1947,3753.8219070133964,0.019736842105263164
1948,3756.6193853427894,0.019736842105263164
1949,3759.416863672183,0.019736842105263164
1950,3762.214342001576,0.019736842105263164
1951,3762.214342001576,0.02631578947368418
1952,3765.0118203309694,0.02631578947368418
1953,3767.8092986603624,0.02631578947368418
1954,3770.606776989756,0.02631578947368418
1955,3773.404255319149,0.019736842105263164
1956,3773.404255319149,0.02631578947368418
1957,3776.2017336485424,0.019736842105263164
1958,3778.9992119779354,0.019736842105263164
1959,3781.7966903073284,0.019736842105263164
1960,3784.594168636722,0.019736842105263164
1961,3787.391646966115,0.019736842105263164
1962,3790.1891252955083,0.019736842105263164
1963,3792.9866036249014,0.019736842105263164
1964,3795.784081954295,0.019736842105263164
1965,3798.581560283688,0.019736842105263164
1966,3801.3790386130813,0.019736842105263164
1967,3804.1765169424743,0.019736842105263164
1968,3806.973995271868,0.019736842105263164
1969,3809.771473601261,0.019736842105263164
1970,3812.5689519306543,0.019736842105263164
1971,3815.3664302600473,0.019736842105263164
1972,3818.1639085894403,0.019736842105263164
1973,3820.961386918834,0.019736842105263164
1974,3823.758865248227,0.019736842105263164
1975,3826.5563435776203,0.019736842105263164
1976,3829.3538219070133,0.019736842105263164
1977,3832.1513002364068,0.019736842105263164
1978,3834.9487785658,0.019736842105263164
1979,3837.7462568951933,0.019736842105263164
1980,3840.5437352245863,0.019736842105263164
1981,3843.3412135539793,0.019736842105263164
1982,3846.1386918833728,0.019736842105263164
1983,3848.936170212766,0.019736842105263164
1984,3851.7336485421592,0.019736842105263164
1985,3854.5311268715523,0.019736842105263164
1986,3857.3286052009457,0.019736842105263164
1987,3860.1260835303387,0.019736842105263164
1988,3862.923561859732,0.019736842105263164
1989,3865.7210401891252,0.019736842105263164
1990,3868.5185185185187,0.019736842105263164
1991,3871.3159968479117,0.019736842105263164
1992,3874.113475177305,0.019736842105263164
1993,3874.113475177305,0.02631578947368418
1994,3876.910953506698,0.02631578947368418
1995,3879.708431836091,0.02631578947368418
1996,3882.5059101654847,0.02631578947368418
1997,3885.3033884948777,0.019736842105263164
1998,3885.3033884948777,0.02631578947368418
1999,3888.100866824271,0.019736842105263164
2000,3890.898345153664,0.019736842105263164
2001,3893.6958234830577,0.019736842105263164
2002,3896.4933018124507,0.019736842105263164
2003,3899.290780141844,0.019736842105263164
2004,3902.088258471237,0.019736842105263164
2005,3904.88573680063,0.019736842105263164
2006,3907.6832151300237,0.019736842105263164
2007,3910.4806934594167,0.019736842105263164
2008,3913.27817178881,0.019736842105263164
2009,3916.075650118203,0.02631578947368418
2010,3916.075650118203,0.019736842105263164
2011,3918.8731284475966,0.02631578947368418
2012,3921.6706067769896,0.02631578947368418
2013,3924.468085106383,0.02631578947368418
2014,3927.265563435776,0.02631578947368418
2015,3930.0630417651696,0.02631578947368418
2016,3932.8605200945626,0.02631578947368418
2017,3935.657998423956,0.02631578947368418
2018,3938.455476753349,0.02631578947368418
2019,3941.252955082742,0.02631578947368418
2020,3944.0504334121356,0.02631578947368418
2021,3944.0504334121356,0.019736842105263164
2022,3946.8479117415286,0.019736842105263164
2023,3949.645390070922,0.019736842105263164
2024,3952.442868400315,0.019736842105263164
2025,3955.2403467297086,0.019736842105263164
2026,3958.0378250591016,0.019736842105263164
2027,3960.835303388495,0.019736842105263164
2028,3963.632781717888,0.019736842105263164
2029,3966.4302600472815,0.02631578947368418
2030,3966.4302600472815,0.019736842105263164
2031,3969.2277383766746,0.02631578947368418
2032,3972.0252167060676,0.02631578947368418
2033,3974.822695035461,0.02631578947368418
2034,3977.620173364854,0.019736842105263164
2035,3977.620173364854,0.02631578947368418
2036,3980.4176516942475,0.019736842105263164
2037,3980.4176516942475,0.02631578947368418
2038,3983.2151300236405,0.02631578947368418
2039,3986.012608353034,0.02631578947368418
2040,3988.810086682427,0.02631578947368418
2041,3991.6075650118205,0.02631578947368418
