index;compound
1;ELVAX EP 3326-3
2;PARLON S-125
3;UNIREZ 9002
4;PARAFFIN WAX MB3-33
5;ARMID-O
6;BHT
7;POLYSAR 1130
8;DESMODUR N-100
9;76 RES 777
11;NEOCRYL A-655
10;VERSAFLOW 266
12;UCAR 4550
13;UCAR 154
14;NEOCRYL A-603A
15;AIRFLEX 4514
16;TYLAC 68-216
17;AIRFLEX 400
18;RHOPLEX WL-91
19;E-1955
20;GOODRITE SB2570X1
21;COVINAX 81
22;NACRYLIC 78-6182
23;RHOPLEX N-619
24;JONCRYL 537
25;JONCRYL 77
26;TYLAC 97-454
27;PC 94
28;NACRYLIC X78-3730
29;MONDUR PF
30;WITCOBOND W-170
31;WITCOBOND W-293
32;COVINAX 455
33;QW 4406
34;JONCRYL 95
35;JONCRYL 99
36;PL 6310
37;NEOREZ R-962
38;JONWAX 120
39;STAYBELITE ESTER 3
40;HERCOLYN D
41;NIAX PPG-425
42;76 RES M3-153
43;TYLAC 68-008
44;SCD 6120
45;RM-4
46;VINAC XX210
47;WITCOBOND W-212
48;PC 138
49;SCD 1040
50;WITCOBOND W-290H
51;NACRYLIC 78-6192
52;NACRYLIC 78-6207
53;ZONAREZ 7125
54;PICCOLYTE C 125
55;PICCOLYTE S-125
56;NIREZ 1125
57;PARLON S-20
58;PARLON S-5
59;ALLOPRENE X-125
60;ALLOPRENE X-5
61;ALLOPRENE R-90
62;CUMAR R-14
63;ESCOREZ 5320 HYDROCARBON RESIN
64;SLEC BX3
65;CK 1636
66;NEVCHEM 100
67;VINYLITE VYES V0403
68;E-439
69;WINGTACK PLUS
70;VINSOL ESTER GUM
71;Q-THANE PS-83
72;BENZOFLEX S-404
73;PCX 300 E_AA
74;JONCRYL 678
75;BENZOFLEX S-312
76;STAYBELITE ESTER 10
77;BENZOFLEX S-552
78;NEOPRENE AF
79;UNIREZ 7019
80;FORAL AX RESIN
81;FORAL 105
82;ZIREX
83;VINYLITE VYHD
84;76 RES 5512X3
85;ALCOGUM 9710
86;ELVAX 150
87;IGEPAL CA-420
88;SPENSOL L52
89;CX-100
90;EPOXIDIZED SOY BEAN OIL
91;VITEL VPE-10130
92;PLYAMUL 40-340
93;CARGILL 7453 W.R.
94;UCAR LATEX 503
95;GEON ACRYLIC 2600X205
96;PICCONOL A600E
97;320 DEV
98;VULCARITE V187
99;DER 331
100;DESMOCOLL 22
101;DOP
102;DER 332
103;CASTOR OIL
104;CYMEL 303
105;PLASTICIZER B-16
106;CYMEL 1168
107;TEXAPHOR
108;POLYOL 2266
109;WINGTACK 10
110;BENZOFLEX 9-88
111;BENZOFLEX 2-45
112;BENZOFLEX 50
113;BENZOFLEX 284
114;NEOPRENE AD 20-30,PYROLYZATE
115;NEOPRENE AD20-30, TOL
116;MONDUR XP-744
117;NEOPRENE AD 10, PYROLYZATE
118;NEOPRENE AD10
119;ELVAX 420
120;ELVAX 4260
121;ELVAX 40P
122;AROPLAZ 930
123;POLYTEX 975
124;BECKOSOL TOFA 98-210
125;AROPLAZ 1082-M50
126;JONCRYL 500
127;SPENSOL F74
128;GEON 460X17
129;GEON 460X45
130;GEON 1571
131;GEON 575X43
132;GEON ACRYLIC 26146
133;X-5022
134;NEOREZ AX-311
135;HYCAR LATEX 1571
136;COVINAX 113
137;MONDUR MRS
138;KELSOL 3905 W.D.
139;GEON 1562X103
140;VERSA-TL 600
141;LIMESTONE
142;CELLOSIZE QP300H
143;CHEM-CHEX 220
144;DIBUTYLPHTHALATE
145;DIMETHYL PHTHALATE
146;TRIETHANOL AMINE
147;OLEIC ACID
148;TRIETHANOL AMINE OLEATE
149;ETHYLENE GLYCOL
150;PROPYLENE GLYCOL
151;PARAFILM
152;STYRENE STABILIZED
153;POLY-TAC 100 RESIN
154;CK 1282
155;CK 1634
156;FRJ-551
157;SP-134
158;POLY-TAC 85
159;DIPHENE 8723
160;P-C 165
161;NUJOL
162;ATTAGEL 36
163;ATTAPULGITE CLAY
164;SILICA FLOUR
165;CAB-O-SIL M5
166;HPMC
167;EHEC
168;HEC
169;PENTALYN H-55 WBX
170;HEVEATUF H-1330
171;WAX
172;MINERAL OIL
173;HYDROCARBON RESIN
174;HYDROCARBON RESIN, AROMATIC
175;HYDROCARBON RESIN, HEAT REACTVE
176;SURFACTANT
177;PENTALYN H
178;STAYBELITE
179;POLYPALE ESTER 10
180;PENTALYN 261
181;PENTALYN K
182;H-100
183;HYDROCARBON RESIN
184;BAYPREN LATEX SK
185;STYRENE ACRYLIC
186;STYRENE BUTADIENE RESINS
187;ACRYSOL ASE-60
188;STYRENE BUTADIENE RESINS
189;SILANE A-1100
190;VORANOL 2120
191;DUPONOL ME
192;E-1997
193;TEXIGEL 13-037
194;AP-130
195;POLYCO P-2123
196;UCAR 131
197;UCAR 134
198;76 RES 3001P
199;CPE-15
200;TENAC 7000
201;TENAC 160HV
202;PPG-OL
203;SILANE COUPLING AGENT
204;SILANE Z-6040
205;SILICONE RESIN
206;YA 41-70A
207;Q-THANE PA-972
208;Q-THANE PA-700
209;Q-THANE PA-600
210;Q-THANE PA-11
211;Q-THANE PA-107
212;Q-THANE PA-971
213;Q-THANE PS-83 (362.18)
214;Q-THANE P-255
215;Q-THANE 355.48
216;DESMOCOLL KA8277HV
217;DESMOCOLL KA8277
218;DESMOCOLL 406T
219;DESMOCOLL 420HV
220;EUROPOLYMER 229HV
221;PICCOTEX 75 RESIN
222;ELVAX CM575
223;AROCHEM 642
224;RJ-100
225;ELVAX 210
226;NEOCRYL B-723
227;ELVACITE 2008
228;VARCUM 921
229;CUMAR R-6 RES.FLAKED
230;SANTOLITE MHP
231;SP-560
232;ELVAX 360
233;ELVAX CM574
234;ELVAX DP3623
235;ELVACITE 2044
236;ELVAX 250
237;ELVACITE 2045
238;AC 392
239;VINYLITE VMCH
240;PICCOTEX 120
241;VARCUM 29-400
242;VINYLITE VMCC
243;VERSAMID 140
244;VALBOND VA-150-R
245;VINYLITE VYHH
246;KRUMBHAAR K-1717
247;DUROSET E-230
248;AIRFLEX 526BP
249;ELVACE JCM-1
250;HI-SIL T-600
251;ZEOTHIX 45
252;CEMENT, GRAY PORTLAND TYPE I
253;SILICA SAND
254;UREA
255;NATROVIS 409R
256;NIREZ V2040
257;AC 405
258;WAX S-372N5
259;NIREZ 1135
260;BECKACITE 43-111
261;COLLOID 999
262;SP-126
263;DYMEREX A-700
264;IROSTIC 300TN
265;SUPER BECKACITE 2000
266;ACRYLOID B-66
267;NEBONY #80
268;PICCOVAR L-30 RESIN
269;RHOPLEX LC-67
270;KAYOCEL 10-80
271;KAYOCEL 10-W-80
272;KAYOCEL 10-L-50
273;KAYOCEL 10-NC-50
274;KAYOCEL K-1000
275;RETEN 521
276;UCAR 401
277;NEOCRYL A-634
278;NEOCRYL A-622
279;NEOCRYL A-601
280;NEOCRYL A-621
281;NEOCRYL A-623
282;NEOCRYL A-602
283;NEOPRENE LATEX 571
284;NEOCRYL A-625
285;NEOREZ R-940
286;BENTONITE CLAY
287;IROSTIC 230
288;IROSTIC 214K
289;IROSTIC 212K
290;IROSTIC 214H
291;IROSTIC 311_27
292;IROSTIC 210T
293;IROSTIC 214T
294;IROSTIC 212H
295;IROSTIC 215K
296;VYNATHENE 904-00
297;IROSTIC 160_38
298;IROSTIC 158C
299;IROSTIC 214N
300;IROSTIC 157
301;IROSTIC 159
302;IROSTIC 160_43
303;ESTANE 5712
304;PARAPLEX G-60
305;MAPICO YELLOW Y-1100
306;CHROME YELLOW
307;TI-PURE R-610
308;ESTANE 5713
309;Q-THANE PA58
310;DESMOCOLL 530 HV
311;Q-THANE PA582
312;PETROTHENE NA 595-00
313;Q-THANE PA58 H.V.
314;DESMOCOLL 400
315;DESMOCOLL 530
316;VINYLITE VROH
317;ESTANE 5716
318;DESMOCOLL 510HV
319;ELVAX 40-W
320;LEVAPREN 450
321;Q-THANE PA05
322;ESTANE 5730
323;ULTRATHENE UE 653-04
324;EP4875-1
325;NEVILLAC 10
326;PENTALYN A
327;PICCOPALE 100 SF RESIN
328;PA 59-996
329;HERCOTAC AD 4100
330;RESIN 75-44
331;PA 59-992
332;SMA 1538H
333;PICCOLYTE A125
334;PICCOLYTE S-85
335;HERCOTAC AD 1100 BHT
336;DPDA 6182
337;SYLVATAC 105
338;DI-CUP R
339;NITROPORE OBSH
340;PRIMACOR 1430
341;ELVAX 240
342;AEROSOL 22
343;NEOPRENE W45-55
344;SCT-270
345;NEOPRENE AF (NEW)
346;ARCOSOLV  DPM
347;POLYSILK 750
348;FILTREZ 895
349;RESIN 192-B-267
350;PARAFLINT H1N3
351;ESTANE 5640X660
352;KRONITEX KP-40
353;RAYBO 68
354;CAMPHOR
355;FILTREZ 5014
356;SUPER NIREZ 6040
357;EPON 1007F
358;EPI-REZ 520 C
359;TYRIN 4211
360;POLYMID 1074
361;NEVROZ 1652-A
362;VERSAMID 930
363;XAB 16487-232-10
364;XAB 16487-231-3
365;XAS 10874.03
366;SUPER BECKACITE 24001
367;SUPER BECKACITE 1054
368;SP-144
369;PEARL STARCH
370;STARCH, WHEAT
371;BINDEX 420
372;MARK II
373;HAMACO 267
374;STALEY C-3427
375;AMA 120
376;STARCH
377;STARAMIC 105
378;TAPIOCA STARCH
379;POLYSTYRENE
380;SU 3
381;2-ETHYL-4-METHYLIMIDAZOLE
382;2-PHENYL-IMIDAZOLE
383;LEECURE B-550
384;ERL 4221
385;DER 337
386;EPON 826
387;SP-103
388;SP-103 +MGOX ADDUCT
389;CK1634 + MGO ADDUCT
390;PLIOLITE PB-7-CS5
391;PARAPLEX WP-1
392;UCAR 130
393;76 RES P-931
394;SYLVAMID 200
395;76 RES P-546
396;SYLVAMID 115
397;76 RES 202AH
398;76 RES 4170
399;76 RES 661
400;SYLVAMINE 33
401;SYLVAMID 115 I 73
402;76 RES 19RB64P
403;76 RES 9410X-1
404;KLUCEL E
405;DEXTRINE C
406;SCD 1020
407;CAB-O-SIL EH-5
408;PLASTER, MOLDING
409;ANCAMINE K54
410;NEOPRENE LATEX 115
411;SYLVAMINE 21
412;NEOPRENE LATEX 400
413;ISONOX 132
414;SYLVAMID 125
415;SYLVAMID 100
416;SYLVAMID 115 X 70
417;SYLVAMINE 32
418;AIRFLEX 410
419;VELVETROL 77-70
420;SYLVAMID 140
421;SYLVAMID 100 IT 60
422;SYLVACURE 351
423;CM-83
424;GELVA TS-100
425;WITCOBOND W-160
426;DISPERCOLL KA-8299
427;SYLVACURE 300
428;NEOPRENE LATEX 635
429;NEOPRENE LATEX 671A
430;SURLYN 8020
431;SURLYN 8528
432;SURLYN 9450
433;SURLYN 9910
434;SURLYN 9970
435;ORG D-90,STAYBELITE ESTER 10
436;CM-69
437;WD POLYESTER
438;WITCOBOND W-234
439;PLEXAR 2
440;PLEXAR 130
441;PLEXAR 158
442;XO-2375.80
443;XO-2375.82
444;XO-2375.83
445;ISONOX 129
446;SYNTHETIC CANDELILLA
447;RESINALL 802
448;POLYPALE RESIN
449;IRGANOX 1010
450;PICCOTAC B BHT
451;QR-4510
452;ESTER GUM 8D
453;SP-154
454;CASPOL POLYOL 1066
455;RICE STARCH
456;TAPIOCA FLOUR
457;DEXTRIN 7011
458;DEXTRIN 7071
459;STARAMIC 747
460;ECLIPSE N
461;STADEX 128
462;STARCH 3005
463;ATTAGEL 50
464;ZINC OXIDE
465;SYLVATAC 95
466;SYLVATAC 100NS
467;PLEXAR 1
468;OITICICA OIL
469;SOLPRENE 416
470;DRAKEOL 35 USP
471;D-I CASTOR
472;AGERITE SUPERLITE
473;STEREON 840A
474;RESIN 861
475;PRIMACOR 5990
476;PRIMACOR 5983
477;PRIMACOR 5991
478;HILTAMINE ARCTIC-WH.
479;SANTICIZER 160 PLASTICIZER
480;KRONITEX 50
481;TRIPHENYL PHOSPHATE
482;SOLPRENE 414P PLASTOMER
483;SILICONE EMULS. DC 24
484;RHEOLATE 1
485;POLY EM-40
486;SHELL 700
487;CONOCO 350 M.F. WAX
488;CONOCO 736 WAX
489;PARAFLINT H1
490;SHELLMAX 400 MICRO 177
491;LANCO-WAX TF 1778
492;SYLVACURE 350
493;SYLVAMINE 50
494;HDPE 30060M
495;HERCOTAC RT115 (RES MO362)
496;HERCOTAC RT100S (MO349)
497;ALCOGUM 382
498;CARGILL 5763
499;INOSITOL
500;ALCOGUM 380
501;VAZO
502;UCAR AW-850
503;AIRFLEX 728
504;TAMOL 850
505;INDOPOL H-300
506;NAUGARD P
507;PARAPLEX G-25
508;NOVACURE 3700-25R
509;HAMPOSYL M
510;HYDRAULIC BASE 3147
511;CARGILL 5205
512;SPENKEL F-78 50 MS
513;SYNTEX 23-5L-50
514;VANOX 13
515;HYCAR 1300X31
516;HYCAR 1300X13
517;HYCAR 1300X8
518;DRESINOL 215
519;M-333
520;CHLOROWAX 500C
521;SPENKEL M86-50E
522;SYN-U-TEX #402-1A
523;EPI-REZ 202
524;PRINT CONCENTRATE 430 M
525;SPENKEL F-77
526;O-CRESOL
527;M-CRESOL
528;P-CRESOL
529;VULKANOX BKF
530;5% CALCIUM CHEM-ALL
531;FLAT BASE #720E
532;EXKIN 2 ANTISKINNING AGENT
533;DESMODUR RF
534;PHTHALO BL50-991-037
535;COBALT 12% CHEM-ALL
536;PICCOLYTE S-115
537;CARBITOL
538;CELLOSOLVE
539;HEXYL CELLOSOLVE
540;CELLOSOLVE ACETATE
541;XYLENES
542;TOLUENE
543;MINERAL SPIRITS-364
544;VM&P NAPHTHA
545;PROPASOL P
546;AROMATIC SOLVENT #150
547;AROMATIC SOLVENT #100
548;AMSCO 460
549;LACQUER DILUENT
550;SONTEX 55
551;CORAY 46
552;THF
553;BUTYL ACETATE 99%
554;ISO-BUTYL ACETATE99%
555;SEC-BUTYL ACETATE
556;PRIMARY AMYL ACETATE
557;ETHYL ACETATE 99%
558;MIBK
559;DI ISOBUTYL KETONE
560;ME-I-AMYL KETONE
561;DI-METHYL ACETAMIDE
562;DIETHYLENE GLYCOL
563;2-BUTOXY ETHANOL
564;METHYLENE CHLORIDE S
565;ETHYLENE DICHLORIDE
566;CARBON TETRACHLORIDE
567;PM ACETATE
568;1,1,1-TRICHLOROETHANE
569;DMSO
570;DMF
571;ADVASPERSE
572;BALAB 3056A
573;PHOS. ACID TECH 85%
574;SILI. OIL SF-69 25CS
575;TROYKYD 666
576;TROYKYD D22
577;TROYKYD 999
578;TROYSAN 192
579;TROYSAN 200
580;TROYSAN 174
581;TROYSAN 364
582;ANTIBUBBLE L
583;AIR RELEASE AG. 7219
584;NIPAR S-20
585;AMP-95
586;AL-CO-CURE IBA
587;CARBOPOL 941
588;AEROSIL R-972
589;POLYFLUO 190
590;POLYFLUO 400
591;JAQUAR CMHP
592;DOWANOL PM
593;EKTASOLVE EP
594;DIACETONE ALCOHOL
595;STALINK 102
596;STALINK 103
597;NEOREZ EX-992 (DR-9920?)
598;PHLOROGLUCINOL GRD.2
599;VINSOL RESIN
600;BUTVAR B-76
601;ESCOREZ 5300
602;MULTIFEX MM
603;NAT.PALE CREPE RUB#1
604;RESIN 1010
605;NATSYN 2200
606;ANTIOXIDANT 2246
607;BUTVAR B-72A
608;KENFLEX A
609;ANHY.PWD.CITRIC ACID
610;MALEIC ACID FOOD GRD.
611;DRY FLOW 49-4952
612;VANOX ZS
613;COMPOSITION T
614;VARCUM 29-439
615;PICCO 6140
616;OLIGOMER C-5000
617;AQUATAC 8005
618;AQUATAC 9027
619;SYLVATAC RX
620;SYLVATAC 295
621;SYLVATAC 105NS
622;SYLVAROS R
623;SYLVATAC 80N
624;SYLVATAC 315
625;SYLVATAC 140
626;AQUATAC 5527
627;AQUATAC 5560
628;AQUATAC 5541
629;LAROFLEX MP-25
630;LAROFLEX MP-45
631;LAROFLEX MP-60
632;LAROFLEX MP-35
633;XR-14139B
634;RESIN 75-22
635;RESIN 75-66
636;RESIN 75-29
637;TI-RITE ZN-1
638;MPA-60 (TOLUENE)
639;XO-2375.81
640;TEFLON
641;AKROCHEM ANTIOXIDANT 36
642;QUILASTIC 545-81
643;QUILASTIC 545-93
644;QUILASTIC 545-40
645;RBH-6150 IRON BLUE
646;LYNCOR PVC
647;PYROS AR6 SOLUTION
648;LX RESIN  35 DEG C
649;ABI-214 100 DEG C
650;AUR 6532
651;HYPRENE 2000
652;LX RESIN  100 DEG C
653;CAC-25-85
654;PL-425
655;PL-999
656;LATEX PL-255
657;PL-208
658;D93-444
659;PL-1165
660;PL-222
661;PL-989
662;PL-9010P
663;DURAMAC 2638
664;BAYPREN LATEX 4R
665;5021 SCREEN PRINT CONC.
666;WSP D-330
667;PLIOLITE 85 S-5
668;ATLASOL BROWN G42
669;OIL BLUE A
670;ETHYL CELLULOSE N-10
671;CARGILL 7585_1102-5
672;PX-316
673;DIOP
674;SAIB 90%
675;PLASTICIZER 711
676;BECKOSOL P222-60
677;CAB 381-0.5
678;BECKACITE 1400
679;CASTOR PALE BROWN
680;CARGILL 7412
681;AEROSOL AY-65
682;SANTICIZER 8
683;MONO-B-BUTYL ACID OP
684;SANTICIZER 141
685;PARAPLEX G-40
686;HARTEX 103
687;LATEX N_C 405 CENTRI
688;GIBBSITE
689;SPENSOL L54
690;NEOREZ R-960
691;WITCOBOND W-290
692;SPENSOL L44
693;NEOREZ R-940
694;SANCURE 887
695;TROYKYD ANTIFLOAT LIQUID
696;NEOPRENE WHV-A
697;BUTYL ZIMATE
698;SLIP-AYD SL 140
699;6% CA CHEM-ALL
700;PAINT ADDITIVE 11
701;NEOCRYL AP-2650
702;ALCOGUM AN-10
703;TRITON X-100
704;TRITON X-405 SURFACTANT
705;SURFYNOL 104H
706;FOAMKILL OR BURST
707;AQUAMAC 1200
708;BYK 065
709;FR-S 220
710;JONREZ MR-551
711;RAYBO 3
712;NOPCO NDW
713;PA 51-180
714;SANTOMASK #2
715;TEFLON 30 DISPERSION
716;FLAT-AYD FA NCO-6
717;ADDITIVE #2012
718;AROLON 557-B-70
719;DER 330
720;DER 324 EPOXY RESIN
721;DER 732 EPOXY RESIN
722;DEH 24 CURING AGENT
723;EPON 813
724;DEN 439
725;DMP-30
726;ANTHRACENE OIL
727;HEAVY OIL
728;TAR
729;SILANE A-1120
730;SILANE A-1100
731;SAG 471
732;DESMORAPID PP
733;KC-649
734;CP-524
735;KC-261
736;K-790
737;LAROMIN C-260
738;DESMOCAP 11A
739;ROILPAR 525
740;EPON 815
741;LIMONENE
742;ANCAMINE 1770
743;ANCAMINE 1704
744;FLEXON 815
745;K-FLEX 500
746;LWMX04455
747;LWMX04B
748;FLEXBOND #150
749;VULTACET V501
750;VINOL 523
751;IGEPAL CO-630
752;COLLOIDS 581B
753;BUTYL CELLOSOLVE ACETATE
754;DEPUMA
755;HARTEX H104
756;ANTIOXIDANT #425
757;CF-76 RED PIGMENT
758;CF-78 GREEN PIG
759;DEXTROSE
760;H-300 POLYBUTENE
761;H-1500 POLYBUTENE
762;BUSPERSE 47
763;CONDUCTIVE CTG 076
764;PERMALYN 105-N
765;WINGTACK 95 POLYTERPENE
766;BECKACITE 24-110
767;CALCIUM CARBONATE, WET GROUND
768;LIMESTONE
769;DALPAD A
770;ARCOSOLV  TPM
771;BETAPRENE BR-100
772;GEON 650X17
773;PICCONOL A-150
774;PSDR (RED)
775;CVL
776;BISPHENOL A
777;BENZYLPARABEN
778;PSD-150 (BLACK)
779;TS-DCF
780;LATEX 2411
781;LATEX 404
782;AIRFLEX 300
783;VALBOND VA-150
784;VITEL VPE-10081
785;VITEL VPE-10123
786;LATEX 238
787;BECKACITE 24-117
788;DESMODUR L-2291A
789;MONDUR MRS-10
790;ARLATONE T
791;NACURE 1051
792;NACURE 155
793;NACURE 5051
794;HERCOFLEX 900
795;DAREX 526-L
796;HAMPOSYL L-95
797;ALCOGUM L-52
798;LATEX PL-1130
799;WITCOBOND W-285
800;76 RES 4040
801;POLYCO 2186
802;DARATAK 61L
803;ELVACE 1875
804;TYLAC 68-513
805;RESYN 25-1411
806;BAYPREN LATEX MKB
807;NEOPRENE LATEX 654
808;TYLAC 68-202
809;NEOPRENE LATEX 750
810;DURACET 91
811;EVERFLEX GT
812;AIRFLEX 416
813;K-FLEX DP
814;ALCOGUM 310
815;POLYCO 117-55
816;AIRFLEX 320
817;NATSYN 2205
818;AIREX 905
819;FOAMEX 3062
820;FOAMEX N
821;ELVACE 1961
822;AIREX 900
823;LE-743 HS
824;RD-2575
825;HYCAR 1572X64
826;GOODRITE 2570X59
827;76 RES 1170
828;76 RES 4000
829;HYCAR 1571
830;AIRFLEX 4530
831;SUPER STA-TAC 80
832;AR 80
833;ISONATE 240
834;FOAMASTER 111
835;AR 120
836;PERMAPOL P-900
837;PAPI 135
838;EURESET 4131
839;PAINT ADDITIVE 57
840;HOSTANOX VPOSP 1
841;PERMAPOL P-855
842;PERMAPOL P-820
843;DER 667
844;EPON 828
845;PAST 4
846;ISONATE 181
847;EPON CURING AGENT V40
848;ISONATE 143-L
849;PERMAPOL P-905
850;HYCAR 1300X21  ATBN
851;PARAPOL 950
852;ALCOGUM 29610
853;EPON CURING AGENT U
854;HYCAR 1300X16 ATBN
855;EURESET 4128
856;SILWET L-720
857;RICE BRAN WAX
858;FONAL 85
859;AR 130
860;CHEMPOL 13-1604
861;Q1-8031
862;VONITE 689
863;COUMEN 100
864;GLIDE A115
865;WITCOBOND XW
866;CMD 35201
867;RHEOLATE PG
868;SYNTHETIC RESIN LTW
869;QW 4476
870;ANOTAC 90
871;SALAR 100
872;POLYCIN 943
873;SYNTHETIC RESIN LTH
874;AGERITE GT
875;ANTIOXIDANT 36
876;ADHESION RESIN BL305
877;RESINALL 522
878;COATING ADE 1000
879;GLIDE B 1484
880;Q1-8030
881;GLIDE ZG 400
882;ADOGEN 58
883;POLYMIST B-12
884;S-395-SP5
885;RESOFLEX 296
886;HYCAR 1562X103
887;TYRIN 4213
888;ELVALOY 837
889;VERSAMID 6206
890;VERSAMID 335
891;WAX 100
892;THIXCIN R
893;ASBESTOS FIBER
894;ASPHALT A-9
895;ASPHALT A-31
896;ASPHALT A-67
897;OIL O-101
898;LATEX 460
899;REAKT VIOLET 626
900;REAKT BLUE 684
901;REAKT RED 448
902;SUFAMIC ACID
903;METHOCEL A4M
904;METHOCEL K15M
905;METHOCEL K4MS
906;CELLOSIZE QP-52000
907;BERMOCOL EBS 351 FQ
908;PHNT
909;PBBP
910;PSD-40
911;METHOCEL K4M
912;LANCO-WAX A 1601
913;VIPLEX 525
914;VIPLEX 885
915;HERCOTAC RT400 RES M 0294
916;UNI-TAC R-100
917;UNIREZ 2654
918;UNI-TAC 70
919;UNIREZ 2640
920;UNIREZ 2620
921;UNIREZ 2180-B75
922;UNIREZ 2125
923;UNI-TAC R-40
924;UNIREZ 2140
925;UNIREZ 2142
926;POLYPHASE ANTIMILDEW
927;UNIREZ 2666
928;HELASTIC WC-6545
929;EPON 1004F
930;FLEXBOND 825
931;POLYVINYL FLUORIDE
932;BECKOSOL 10-074
933;ORGANIC PHOSPHATE
934;CYMEL 1156
935;CARGILL 5705
936;CYMEL 1133
937;CYPLEX 1546
938;CYMEL 1158
939;CARGILL 5717
940;CARGILL 7203
941;CARGILL 5782
942;CARGILL 5722
943;CARGILL 5776
944;CARGILL 5781
945;CARGILL 5797
946;EPON 1001-HX-75
947;POLYMAC 928
948;POLYMID 1060
949;POLYMID 1155
950;METHYL HYDROXETHYL CELLULOSE
951;POLYVINYL ALCOHOL
952;PVA_ETHYLENE COPOLYMER
953;HPMC
954;EHEC
955;AMMMONIUM CALCIUM ALGINATE
956;PVA_VERSATIC ACID COPOLYMER
957;PVA_VEOVA COPOLYMER
958;POLYACRYLAMIDE, HYDROLYZED
959;POLYACRYLAMIDE
960;POLYVINYL ACETATE
961;POLYETHYLENE OXIDE
962;ANDUR 9000-AS PART A
963;SEPARAN
964;PORYFLOC
965;ALCOSPERSE 603ND
966;CAB-O-SIL TS-720
967;PLIOLITE WRD
968;DARAWELD C
969;ANDUR 9000-AS PART B
970;SHORT OIL TOFA ALKYD
971;DIALLYL PHTHALATE
972;DPR-70
973;SPC (AR or X)
974;ALS-AR100
975;CMR-70
976;SSR-70
977;CSP
978;SPS-N
979;SPS-L
980;LCH-25
981;MEG-21EMS
982;NACURE XP-119
983;ORTHOCON M
984;MDX-4-4515
985;SUSPENO 200-X
986;ELVERON 200 (RCSF-5155)
987;ELVERON 300 (RC-H-87523)
988;SURKOPAK 5255
989;KELPOL 3755-X-80
990;CASPOL 1715
991;PERENOL F-40
992;CORONATE EH
993;CARGILL 5701
994;PERENOL F-45
995;SYNTHETIC RESIN BL-1210
996;BYK 370
997;BYK 310
998;BYK 361
999;ANTI-TERRA 204
1000;BYK 306
1001;BYK 300
1002;MANALOX 403_60 WS
1003;MANOMET 10
1004;ZIRCOMPLEX PN
1005;XP-5568
1006;LEXOREZ C-616 POLYESTER
1007;LEXOREZ C-900-90 POLYESTER
1008;LEXOREZ C-906-85 POLYESTER
1009;SCT-275 UCAR THICKENER
1010;KRUMBHAAR 1979
1011;AROPLAZ 3667-Z-80
1012;IRCOGEL 905L
1013;POLYWAX 655
1014;IRCOGEL 905
1015;TOLONATE HDB 75B
1016;TOLONATE HDT
1017;DIALLYL PHTHALATE MONOMER
1018;ARAKOTE 3010
1019;ARAKOTE 3109
1020;LAROMIN A-327
1021;XB-3337
1022;FYROL PCF
1023;FYROL CEF
1024;FYROL 32B
1025;FYROL 99
1026;FYROL EFF
1027;TDT 178-53 RESIN
1028;TDT 178-53 HARDENER
1029;META XYLYLENE DIAMINE
1030;DIETHYLENE TOLUENE DIAMINE
1031;MODIFIED AMINE A100
1032;JEFFAMINE ED-600
1033;COLLOID 711
1034;COLLOID 60
1035;GIV-GARD DXN
1036;DURACET 30
1037;AIRFLEX 465
1038;ELVACE 40-706
1039;VINAC XX240
1040;HT-2855
1041;CARGILL 5743
1042;LUMIFLON LF-200
1043;XB-3336
1044;LUMIFLON LF-302
1045;LUMIFLON LF-400
1046;ANTI-FOAM F-1
1047;NIAX 35-25
1048;NIAX PPG-1025
1049;NIAX PPG-2025
1050;NIAX 11-34
1051;NIAX LS-490
1052;NIAX LHT-240
1053;NIAX 16-46
1054;NIAX 34-28
1055;VORANOL 2103
1056;VORANOL 2025
1057;VORANOL 2471
1058;VORANOL 490
1059;ISONOL 93
1060;QUADROL
1061;ETHACURE 300
1062;TROGAMIDE T
1063;NIAX BE-450
1064;NIAX RO-350
1065;NIAX HDM-361
1066;NIAX T-221
1067;VORANOL 575
1068;BENZOPHENONE TCDA
1069;CHLORENDIC ANHYDRIDE
1070;ADDUCT
1071;POLYAZELAIC POLYANHYDRIDE
1072;VINYLITE VAGF
1073;VINYLITE VAGC
1074;RAP 213 LATEX
1075;DM 56
1076;DM 771
1077;DM 60
1078;DM 772
1079;LP 5840
1080;WITCOBOND W-280
1081;WITCOBOND W-260
1082;PXKS 6978
1083;FULATEX PD-124
1084;TRITON GR-5M
1085;TAMOL 950
1086;TAMOL SG-1 DISPERSANT
1087;TRITON GR-7M
1088;TRITON CF-10
1089;TAMOL 165 DISPERSANT
1090;GLYCERINE
1091;GENESOLVE 5433
1092;CHEMACOIL TA-100
1093;LAROMIN H-243
1094;LAROMIN C-252
1095;MESMOLL
1096;ANCAMINE XT
1097;DESMORAPID DA-52
1098;POLYESTER 981
1099;POLYESTER 981
1100;HYANNIA 1622
1101;JEFFAMINE T-5000
1102;NIAPROOF ANIONIC SURFACTANT 7
1103;NIAPROOF ANIONIC SURFACTANT 8
1104;NIAPROOF ANIONIC SURFACTANT 4
1105;TILCOM P12
1106;TILCOM 1A10
1107;TBTD
1108;MDIPA
1109;VELATE 262
1110;A-620-AZ
1111;DREWPLUS L-475
1112;DREWPLUS L-483
1113;DREWPLUS L-484
1114;DREWPLUS L-464
1115;DREWPLUS L-418
1116;DREWPLUS L-405
1117;RM-1020
1118;RM-825
1119;RM-5
1120;ACETIC ACID (GLACIAL)
1121;TRITON CA
1122;FLUORAD FC-129
1123;TRITON N-57
1124;SURFYNOL TG
1125;NOPCOSPERSE 44
1126;LECITHIN
1127;TAMOL 960
1128;EPI-REZ WD 510
1129;COLLOID 643
1130;SAG 5440
1131;DEEFO 495
1132;ZIRCON DRIER
1133;TEXANOL
1134;NUOSEPT 95
1135;ZINC OXIDE SOLUTION #1
1136;12% COBALT DRIER
1137;TROYSAN POLYPHASE AF-1
1138;16% ZINC DRIER
1139;YARMOR 302 PINE OIL
1140;9% MANGANESE DRYER
1141;JONWAX 26 WAX EMULSION
1142;EXKIN #2
1143;ISOPAR M
1144;10% CALCIUM DRIER
1145;MERPOL LCS
1146;EM-250 66%
1147;DC-347
1148;EM-350
1149;CARDOLITE NC-540
1150;CARDOLITE NC-541
1151;KEN-REACT LZ44B
1152;RHEOLATE 278
1153;NACURE 4054
1154;AQUATAC 6085
1155;AQUATAC 6025
1156;LANCO-WAX CP 1481
1157;SYNOLAC 6005W
1158;ARKON P-100
1159;SUPER ESTER W-100
1160;MARU KAREZ R-100AS
1161;SUPER ESTER A-18
1162;LIR 50
1163;PAF
1164;NORSOLENE SP90
1165;PLASTHALL BSA
1166;PLASTHALL 622
1167;HALLCOMID M-I8-OL
1168;PLASTHALL DBEEG
1169;CARDOLITE NC-547
1170;VORANOL 2025
1171;ADIPIC ACID
1172;AZELAIC ACID
1173;1,6-HEXANEDIOL
1174;PENTAERYTHRITOL
1175;1,4-BUTANEDIOL
1176;EPON V-25
1177;TEXIPOL 63-002
1178;TRITON N-101_SURFON
1179;PAMAK #4
1180;UNICHLOR 60L60
1181;LX-1122 70% VM+P
1182;LX-1055 VM+P SOL`N
1183;MODICOL L
1184;ACRYSOL GS
1185;AGERITE GELTROL ANTIOXIDANT
1186;ANCAMIDE 500
1187;MA231A
1188;NEVASTAIN #21
1189;CB4-34 85% VM+P
1190;PB 100 WC SOL IN MS
1191;SHELLFLEX 3271
1192;SHELLFLEX 3681
1193;SUPERGLO #10
1194;VERSAMID 150
1195;CAPCURE EMULSIFIER
1196;PAROIL 1160
1197;GAFAC RS-710
1198;NEODOL 91-6
1199;EPOXOL 9-5
1200;NEODOL 25-3
1201;YELLOW OXIDE #5192
1202;PHTHALO BLUE 4863
1203;TAMOL 731 25% SOLN
1204;PETRORESIN GC-400
1205;PHTHALO GREEN #3890
1206;PICCOTAC 95
1207;ENDEX 160
1208;REGALREZ 1126
1209;WINGTACK 86
1210;KRISTALEX S140
1211;NP-729 A
1212;Q-CEL 400
1213;LAROPAL A-81
1214;ACLYN 296
1215;PICCOTAC B
1216;SORBITOL SOL. 70%
1217;VYBAR 103
1218;LAROPAL K-80
1219;EPCAR 306
1220;EMCOL 4500
1221;EPON DPL-862
1222;WITCONATE SXS
1223;VISTALON 6505
1224;REGALREZ 1094
1225;WITCONATE SCS
1226;ADOGEN L-143
1227;LAROFLEX MP-50
1228;METASOL TK-100
1229;TEKTAMER 38 AD
1230;WITCONATE 1260
1231;PXKH 6956
1232;AQ 55S
1233;TYRIN 3615
1234;POLYWAX 200
1235;AQ 38S
1236;SUPERCHLOR 510
1237;KELSOL 3906
1238;CYMEL 323
1239;CNEC
1240;KELSOL 3909
1241;DIETHYLENE GLYCOL ADIPATE
1242;MDA
1243;DU-15-28 RESIN
1244;POLYMER RESIN PA50
1245;ARAKAWA SUPER ESTER
1246;NEVTAC 100
1247;SUPER BECKACITE RS
1248;VULTAC #3
1249;BARIUM TITANATE
1250;PB 100 RESIN
1251;ZYTEL 101
1252;941 PARFIN_INDRA 3
1253;VINOL 540 S
1254;PICCO 2100 BHT RES
1255;DGMEE_GLYCOL ETHER
1256;PROSIL 2210
1257;R-HD6X ZOPAQUE
1258;ACRYLOCEL
1259;PICCOMER 103
1260;AEROSOL OT-100
1261;PICCOMER 103 (75%)
1262;PICCOMER 143
1263;PROPYL ACETATE
1264;TOLUSOL 5
1265;LACTOL_TOLUENE
1266;CPT BLUE ULTRAMARINE
1267;SP-140
1268;SP-130
1269;RESINALL 735
1270;MONO-ETHANOL AMINE
1271;UNICHLOR 70 AX
1272;ALCOGUM TSB
1273;PLASTILIT 3060
1274;FLEXBOND 325
1275;ANTIDIOXIDANT DQ
1276;VANCIDE TH
1277;DOW LATEX 249 A
1278;PL A-852_STYROFAN 2852
1279;PROSIL 5136
1280;40-402 LATEX
1281;GC-200LT
1282;PERMALYN 85
1283;PICCOMER 103-70 VMP
1284;PB-402-24
1285;STAN PLAS 500
1286;PICCO 1104
1287;UNI-TAC R-72
1288;ACP FLAKES
1289;RESINALL 771
1290;E-8717 BROWN PASTE
1291;RESINALL 709
1292;EUROPRENE SOL T161
1293;RESINALL MSB-268
1294;TRITON N-150
1295;FLECTOL H FLAKES
1296;PICCO 9140
1297;STAN PLAS 2000
1298;L-198
1299;NALCO 2321
1300;FOAMBLAST 14-012-01
1301;HYCAR 2679X6
1302;BYK 052
1303;E-2056 GREEN PASTE
1304;SYNTHEMUL 97-831
1305;ISOPROPYL ACETATE
1306;BYK 080
1307;AMERSTAT 252
1308;ETHYL SILICATE
1309;2332 FLOCCULANT
1310;TRITON X-102
1311;DOWANOL DPM
1312;METHYLTRIETHOXYSILANE
1313;DIMETHYLDIETHOXYSILANE
1314;METHYLTRIACETOXYSILANE NEAT
1315;METHTRIACETOXYSILANE  DRIED
1316;VINYLTRIACETOXYSILANE, NEAT
1317;VINYLTRIACETOXYSILANE, DRIED
1318;VINYL ALKYL SILANE, NEAT
1319;VINYL ALKYL SILANE, DRIED
1320;BUTYL CELLOSOLVE
1321;CARBITOL SOLVENT
1322;METHOXYTRIGLYCOL
1323;PROPYL CELLOSOLVE
1324;PROPYL CARBITOL SOLVENT
1325;METHYL PROPASOL SOLVENT
1326;METHYL CARBITOL SOLVENT
1327;ETHOXYTRIGLYCOL
1328;BUTYL PROPASOL
1329;PROPYL DIPROPASOL SOLVENT
1330;HEXYL CELLOSOLVE ACETATE
1331;PROPYL PROPASOL
1332;METHYL DIPROPASOL SOLVENT
1333;HEXYL CARBITOL
1334;BUTYL DIPROPASOL SOLVENT
1335;BUTYL CARBITOL
1336;ALLYL ISOTHIOCYANATE
1337;VISTALON 404
1338;AIRFLEX RP226
1339;OKERIN 1865Q
1340;XU-71861.01
1341;MODAFLOW
1342;DURAMAC 2050
1343;DREWSPERSE S-825
1344;AEROSIL 200 FUMED SILICA
1345;POLYBUTADIENE R-45-NT
1346;DOW LATEX 277A
1347;ACRYLIK POLYMER
1348;BUSAN 1024
1349;13-031
1350;FOAMBLAST 384E
1351;BAYLITH PASTE 1
1352;PARAGUM 501
1353;EP TAN
1354;UCAR 367
1355;PL 404_BUTONAL N
1356;RHOPLEX E-330
1357;RHOPLEX AC-829
1358;P80-X
1359;SY-409
1360;Q1-2530
1361;P-50-X
1362;DC-808
1363;HK 46
1364;Q-2230
1365;VP-2265
1366;LATEX 68010
1367;HCKL-1423
1368;HYSTRETCH V-43
1369;DOWANOL DPnB
1370;DOWANOL DB
1371;PL 3208_BUTOFAN
1372;UCAR 879
1373;ASP-900
1374;GEON 1552
1375;DOWANOL EB
1376;POLYMEG 1000
1377;1,6-HEXANEDIAMINE
1378;DOWANOL EPh
1379;BUTYL GLYCIDYL ETHER
1380;NAUGARD PHR
1381;NAUGARD BHT
1382;NAUGARD XL-1
1383;NAUGARD 445
1384;M-TMXDI
1385;DIETHYLENE TRIAMINE
1386;VYBAR 260
1387;CAPCURE ET-30
1388;PACM-20
1389;ISOPHORONE DIAMINE
1390;LAROPAL A-101
1391;JEFFAMINE ED-900
1392;SATINTONE NO. 5
1393;IRGANOX 1520
1394;TINUVIN 1130
1395;TINUVIN 292
1396;TINUVIN 662
1397;CHIMASSORB 944 SIV
1398;TINUVIN 144
1399;AIRBOND CP-52
1400;WITCONATE SOFT ACID SALT
1401;NEOCRYL CL-340
1402;AMSCO 661
1403;POLYREZ A
1404;POLYREZ C
1405;GEON 460X46
1406;RHOPLEX MV-23
1407;NEOCRYL DA-5119
1408;FLEXBOND 153 DE
1409;RES 9612
1410;NEOCRYL A-6015
1411;TINUVIN 328
1412;TINUVIN P
1413;CYASORB UV-24
1414;PHTHALIC ANHYDRIDE
1415;POLYREZ B
1416;M-P-A 2000X (XYLENE)
1417;M-P-A 2000X
1418;RES 9214
1419;SURFONYL DF-08
1420;MANCHEM APG-X
1421;M-P-A 1078X
1422;KEN-REACT LICA 44
1423;PARAFFIN WAX 125-131
1424;FINAPRENE 427
1425;MANCHEM CPG
1426;CHLOREZ 700
1427;KRATON D 1300X
1428;KRATON G 1855X
1429;KRATON G 1650
1430;KRATON G 1726X
1431;KRATON G 1652M
1432;KRATON G 2720X
1433;DYTEK A
1434;AQ-295
1435;GEON 137X574
1436;GEON 351X266
1437;SUPERCHLON 814H-S
1438;SUPERCHLON 822-S
1439;SUPERCHLON 803 MW-S
1440;POLYURETHANE
1441;TYRITE
1442;K-FLEX XP 171-90
1443;WINGTACK EXTRA
1444;WINGTACK 115
1445;POLYLITE 13-831
1446;STA-CLAD ATP-101
1447;THIXATROL SR
1448;SURFADONE LP-100
1449;SURFYNOL DF-75
1450;SURFYNOL GA
1451;SURFYNOL 465
1452;NEOPRENE AC
1453;SURFYNOL DF-34
1454;DAPRO DF-975
1455;DAPRO DF-880
1456;ULTRATHENE UE 654-35
1457;ULTRATHENE UE 639-35
1458;PARAFLINT C1
1459;THIXATROL 289
1460;TINT-AYD AL 409
1461;TINT-AYD AL 405
1462;K-CURE 129-B
1463;K-CURE 1040
1464;FPC 470
1465;E-4200 RED PASTE
1466;E-5473 RED PASTE
1467;E-6116 YELLOW PASTE
1468;PAINT ADDITIVE 56
1469;PAINT ADDITIVE 7
1470;PAINT ADDITIVE 21
1471;PAINT ADDITIVE 14 (NEAT)
1472;PAINT ADDITIVE 14 (DRY)
1473;PARALOID K 120 N
1474;SILANE A-186
1475;SILANE A-187
1476;VISTA 5385
1477;K-FLEX UD-320-100
1478;RC-290-F204
1479;RC-290-F216
1480;RC-290-F212
1481;VA-905
1482;PARANOL ACRYLIC 777
1483;E-1950
1484;NEOCRYL B-1042
1485;FLEXCRYL 1625
1486;PHENODUR PR 723
1487;RHOPLEX N-495
1488;FLEXCRYL 1685
1489;KRUMBHAAR K-980
1490;ACRYSOL TT-615
1491;NEOCRYL XA-6069
1492;UCAR 372
1493;UCAR 351
1494;UCAR 413
1495;UCAR 354
1496;SKANE M-8
1497;PSA6574
1498;ALCOGUM L-31
1499;ALCOGUM L-45
1500;ALCOGUM SL-76
1501;ALCOGUM SL-98
1502;ALCOGUM L-15
1503;ALCOGUM RL-70
1504;ALCOGUM LC-45
1505;RES 3077
1506;RES 9212
1507;RES 1018
1508;RES 917
1509;RES P917
1510;TEGOFLEX SG-80A
1511;PB-4015
1512;NP-36A
1513;GOODYEAR 1502 K-1
1514;DARATAK 40-314
1515;FLEXBOND 525BA
1516;ALCOGUM L-12
1517;MAINCOTE AE-58 EMULSION
1518;QR-1225
1519;RHOPLEX MULTILOBE 200
1520;RHOPLEX AC-417M
1521;RHOPLEX AC-507
1522;ACRYSOL WS-68
1523;RHOPLEX AC-64
1524;E-1997M
1525;ACRYSOL ASE-75
1526;MULTILOBE ML-100
1527;MANALOX 410
1528;NACRYLIC 78-6368
1529;NACRYLIC 73-9225
1530;DUR-O-SET CP 2200
1531;WANCRYL 7B-6232
1532;DUR-O-SET CP 2020
1533;MONO-PENTAERYTHRITOL
1534;DOWICIL 75
1535;SILIKOPHEN
1536;PG-500
1537;RR-1300
1538;V-3063
1539;PT-170
1540;KRUMBHAAR K-2330
1541;BETAPRENE 255
1542;AMRES 250
1543;JONREZ IM-816
1544;PETRO-REZ KH-202
1545;DOWFAX 8390
1546;DOWICIDE A
1547;VANOX 2246
1548;GILSONITE 300
1549;POLYPHASE P-100
1550;AGERITE STALITE
1551;ASPHALT
1552;FLUID 1107
1553;NALCO 8638
1554;GUAR GUM
1555;GFS GUM
1556;XANTHAN GUM
1557;FASCAT 4100
1558;MILLI-FOAM ODE60A
1559;DIBUTYL TIN DILAURATE
1560;TONOX
1561;DOWFAX 2EP
1562;DOWFAX 2A1
1563;DOWFAX 2A0
1564;GF-RD0015 #2822
1565;P-1700 RED #3231
1566;CURE AGENT S475
1567;RED OIL DYE LAB21
1568;IRGANOX B215
1569;CHLOROACETIC ACID
1570;ORANGE OIL DYE
1571;LOCUST BEAN GUM
1572;UNI-TEC R-85
1573;ESCOREZ ECR-165A
1574;ESCOREZ ECR-165B
1575;ESCOREZ ECR-165C
1576;ZONAREZ ALPHA 25 RESIN
1577;PHOTOMER 4770
1578;UVECRYL 7100
1579;UVECRYL P104
1580;UVECRYL P115
1581;S-236 WAX
1582;NACURE 2501
1583;NACURE 3525
1584;K-LINK XP-343
1585;CERELOSE
1586;ELOTEX 50V_990
1587;BERMOCOL DST 015
1588;TINUVIN 900
1589;TINUVIN 622 FB
1590;DURASTRENGTH 200
1591;BORON F3 - BENZYLAMINE
1592;STANCLERE TL
1593;MOWILITH DM 23
1594;PRIOLENE 6905
1595;AQUATAC 5090
1596;PACM-48
1597;UCAR AW-875
1598;AMICURE PACM
1599;BENTONE SD-1
1600;1012 CRUMB RUBBER
1601;BORON F3 - PIPERIDINE COMPLEX
1602;AIRFLEX RP245 POW
1603;YLO-2288D
1604;RO-3097 KROMA RED
1605;B-6997 SYNTHETIC BROWN
1606;TROYTHIX PSA-1
1607;LOXIOL G 70S
1608;LOXIOL G 10
1609;LOXIOL G 30
1610;LOXIOL G 60
1611;LOXIOL VGS 1460
1612;LOXIOL HOB 7111
1613;ANTIMONY TRIOXIDE
1614;AZURE BLUE #43
1615;TAMOL 60224 SN
1616;AIRBOND CP-65
1617;NALZIN 2
1618;CAB-O-SIL LM-150
1619;CAB-O-SIL TS-610
1620;CAB-O-SIL HS-5
1621;NEO DECANOIC ACID (TECH)
1622;TMA
1623;ARCOSOLV PTB
1624;CAB-O-SIL M-70
1625;VINYL NEO-DECANOATE
1626;AMICAL ABG 6174 WE
1627;SODIUM CHLOROACETATE
1628;GREEN R2000
1629;CALCIUM FORMATE
1630;ELASTOMAG 170
1631;CARBOPOL 934
1632;KELGIN MV
1633;KELZAN S
1634;GSP-40
1635;ASP-602
1636;BURGESS #10
1637;CHEELOX BF ACID
1638;NATROSOL 250 LR
1639;NATROSOL 250 KR
1640;PBA-2234
1641;UCAR PKHH
1642;UCAR PKHM-301
1643;ELECTROFINE S-70
1644;BIOMET 300
1645;THERMOLITE 831
1646;BIOMET TBTO
1647;9720 AROMATIC URETHANE
1648;EBACRYL 3700
1649;9650 ALIPHATIC URETHANE
1650;HYDROXYETHYL ACRYLATE
1651;DABCO T-9
1652;JONCRYL SCX-906
1653;JONCRYL SCX-901
1654;GLYDEXX N-10
1655;GLYDEXX ND-101
1656;DABCO 33-LV
1657;JEFFAMINE M-600
1658;JEFFAMINE DU-700
1659;JEFFAMINE T-403
1660;PICCO 5140
1661;PICCO 6110 RESIN
1662;PICCO 6070 RESIN
1663;RHOPLEX B-85
1664;ROBOND L-12
1665;ROBOND PS-61 ADHESIVE
1666;RHOPLEX N-1031
1667;METABLEN C-132
1668;GEON 137
1669;FLEXBOND 380
1670;M-P-A 3000MS
1671;76 RES 3114A
1672;OTTOPOL K-21
1673;DMAP
1674;PHENYLMECURIC HYDROXIDE
1675;PROPIONIC ACID
1676;76 RES 3151
1677;NIPAR 640
1678;MALTRIN M150
1679;VINEX 2025
1680;VINEX 5030
1681;VINEX 1003
1682;ACRYSOL ASE-95
1683;NALZIN ZP
1684;C-3000 MICA
1685;SATINTONE OP
1686;SATINTONE W
1687;TYLOSE FL-15002
1688;METHOCEL J75MS-N
1689;METHOCEL J40MS
1690;NATROSOL PLUS 330PA
1691;NATROSOL LR CS
1692;NATROSOL 250 HR
1693;NARLEX D-42
1694;BURGESS #60
1695;BAYLITH 1 (POWDER)
1696;CALGON T DISPERSANT
1697;CELLOSIZE QP-4400
1698;SANTOVAR A
1699;DOWFAX 3B2
1700;PLURONIC F-108
1701;XDS 8292.00
1702;BUSAN 11-M1
1703;CA-25
1704;CMC 12UL
1705;M6017AD
1706;REILLEX 402
1707;REILLEX 402I
1708;REILLEX 425
1709;KTPP DISPERSANT
1710;TROYSOL AFL
1711;TROYSOL 307
1712;TROYTHIX 42BA
1713;TROYKYD D55
1714;ECHO RESIN ARU-339
1715;ECHO RESIN ARU-338
1716;ECHO RESIN ARU-337
1717;METHOCEL 542
1718;METHOCEL 856 S
1719;BURGESS OPTIWHITE
1720;CELLOSIZE QP 100 M
1721;HOMBITAN TIO2
1722;AIRTHANE PET-75D
1723;1006 CRUMB RUBBER
1724;PETROTHENE NA 601-00
1725;PETROTHENE NA 598
1726;ULTRATHENE UE 659-04
1727;SL-103
1728;ML-850
1729;ELVACITE 2042
1730;CARBOSET 525
1731;CDX-585
1732;NEOCRYL AX-7116
1733;UCAR 442
1734;SYNTHEMUL 40-423
1735;SCX-510
1736;DUR-O-CRYL 720
1737;RHOPLEX B-60A
1738;COVINAX 225
1739;CARBOSET 514A
1740;HYCAR 2610
1741;VERSAFLEX 2
1742;JONCRYL 80
1743;JONCRYL 680
1744;VERSACRYL 766
1745;VERSACRYL 763
1746;HYCAR 26120
1747;LUCIDENE 603
1748;NACRYLIC 78-3727
1749;NACRYLIC X-4290
1750;UCAR 407
1751;NEOCRYL A-1052
1752;NEOCRYL A-1054
1753;VARAQUA 8106
1754;E-2054
1755;E-2133
1756;RHOPLEX E-358
1757;RHOPLEX TR-520
1758;RHOPLEX LC-40
1759;RHOPLEX B-924
1760;76 RES 6510
1761;76 RES 3114A
1762;HYCAR 2600X315
1763;UCAR LATEX 153
1764;76 RES 210
1765;ACRYLOID B-72
1766;AQUAMAC 200-SX
1767;HEVEATUF H-1350
1768;HEVEATUF H-1320
1769;HEVEATUF H-8000
1770;UCAR LATEX 828
1771;ISODECYL METHACRYLATE
1772;HYDROXYPROPYL METHACRYLATE
1773;ARYL HYDROXY ISOPROPYL METHACR
1774;N-VINYL PYRROLIDONE
1775;POLYETHYLENEGLYCOL 200 DIMETHACRYLATE
1776;HYDROXYETHYL METHACRYLATE
1777;DMAE METHACRYLATE
1778;ISOBORNYL ACRYLATE
1779;URETHANE METHACRYLATE
1780;ISO-BORNYL ETHOXY METHACRYLATE
1781;ACRYLIC ACID
1782;ALIPHATIC URETHANE ACRYLATE
1783;SR-256
1784;SR-395
1785;TRIMETHYLOLPROPANE TRIACRYLATE
1786;SR-344
1787;SR-454
1788;PHOTOMER 4072
1789;TPG DIACRYLATE
1790;SR-213
1791;1,6-HEXANEDIOL DIACRYLATE
1792;PETA
1793;SR-339
1794;C9040
1795;METHACRYLATE POLYMER
1796;METHACRYLIC ACID
1797;GPTA
1798;TMPTA + DEA
1799;JONCRYL 89
1800;TRIDECYL METHACRYLATE
1801;STEARYL METHACRYLATE
1802;DICYCLOPENTENYL-OXY-ETHYL METH
1803;DECYL METHACRYLATE
1804;ISO OCTYL METHACRYLATE
1805;THFM
1806;UCAR 518
1807;DORESCO AC 25-22
1808;DORESCO TA7-7
1809;DORESCO AC 27-2
1810;XC-4011
1811;A-2588-V8
1812;CMD 979
1813;CHEMPOL 17-3109
1814;A-1536 V8
1815;AROLON 559-G4-70
1816;A-1892 V3
1817;DORESCO ACWB-6
1818;ACRYLOID AT-410
1819;A-1744-V3
1820;UCAR 173
1821;RHOPLEX NW-1715
1822;E-2212
1823;EMULSION E-2074 PMN
1824;UCAR 505
1825;COVINAX 234 UFP
1826;COVINAX 081-01
1827;UCAR 515
1828;ACRYLOID B-60
1829;ACRYLOID 653
1830;ACRYLOID A-11
1831;XC-4012
1832;RHOPLEX HA-8
1833;RHOPLEX K-14
1834;CMD 9790
1835;POLYTEX 973
1836;JONCRYL 138
1837;JONCRYL 1679
1838;JONCRYL 142
1839;JONCRYL 130
1840;HYCAR ACRY.LAT.2679
1841;HYCAR 2600X84
1842;SYMTHEMUL 97-501
1843;HYCAR 2600X288
1844;RHOPLEX HA-20
1845;ACRYSOL HV-1
1846;UCAR 4580
1847;DERCYRL T-3045
1848;76 RES 9204
1849;ELVACITE 2014
1850;NEOCRYL B-705
1851;NEOCRYL B-700
1852;NEOCRYL A-636
1853;ELVACITE 2016
1854;76 RES 6272
1855;E-1925
1856;MIRASOL 10-A-1522
1857;G-CURE 867-PX60
1858;GELVA RA-2480
1859;GMS RA-1753
1860;VARCRYL 1801
1861;GELVA RA-1160
1862;LE-1126
1863;SYNTHEMUL 40-422
1864;SYNTHEMUL 97-735
1865;AQUAMAC 607
1866;76 RES 6110
1867;76 RES 9201
1868;SYNTHEMUL 40-424
1869;SYNTHEMUL 90-659
1870;VARAQUA 8105
1871;NEOCRYL BT-24
1872;CARBOSET XL-33
1873;VARAQUA 8107
1874;SYNTHEMUL 40-411
1875;UCAR 163
1876;RHOPLEX LC-45
1877;HYCAR 2600X138
1878;NEOCRYL A-640
1879;NEOCRYL B-725
1880;NACRYLIC 78-6261
1881;E-1719
1882;UCAR 4579
1883;RHOPLEX AC-234
1884;RHOPLEX AC-22
1885;EVERFLEX MA
1886;FLEXBOND 149
1887;RHOPLEX AC-868
1888;UCAR 376
1889;RHOPLEX TR-934
1890;ACRYSOL RM-5
1891;RHOPLEX AC-73
1892;NEOCRYL A-650
1893;UCAR 4414
1894;76 RES 1018
1895;UCAR 4510
1896;RHOPLEX HA-12
1897;RHOPLEX WL-92
1898;RHOPLEX MV-9
1899;RHOPLEX B-15
1900;NEOCRYL AX-7118
1901;RHOPLEX WL-51
1902;RHOPLEX WL-93
1903;RHOPLEX P-810
1904;RHOPLEX N-560
1905;UCAR 153
1906;UCAR 4358
1907;NEOCRYL AX-7129
1908;E-2184
1909;RHOPLEX AC-235
1910;RHOPLEX CA-12
1911;VALBOND 6053
1912;RHOPLEX MC-76
1913;NEOCRYL A-1044
1914;NACRYLIC 78-6232
1915;RHOPLEX MC-1834
1916;RES 6510
1917;ACRYLOID A-101
1918;COVINAX 391
1919;OTTOPOL K-23
1920;OTTOPOL K-21-30
1921;AROLON 840 W-39
1922;COVINAX 165UFP
1923;ACRYLOID AT-400
1924;RHOPAQUE OP-62
1925;RHOPLEX WL-96
1926;AZREZ PS-2
1927;NACRYLIC X-4483
1928;AZREZ CC-3
1929;NEOCRYL A-639
1930;MAINCOTE TL-5
1931;76 RES 1019
1932;AZREZ K-40
1933;ELVACITE AB1015 DISPERSANT
1934;ELVACITE AB1030 DISPERSANT
1935;ELVACITE AB1020 DISPERSANT
1936;ELVACITE AB1010 DISPERSANT
1937;ELVACITE RCGX-74032
1938;ELVACITE RCGX-74303
1939;QR-1166
1940;QM-1007
1941;PROLASTIC 214 PRIMER
1942;ELVERON 100
1943;ACRYLAMAC 5297
1944;ACRYLAMAC 5139
1945;IRON NAPHTHANATE
1946;ZIRCONIUM OCTANATE
1947;POLY-2-ETHYLHEXYL METHACRYLATE
1948;NUCREL 699
1949;PLIOWAY EC-1
1950;PLIOTONE 2003
1951;XU71787.02L
1952;ELVACITE 2669
1953;PLIOTONE 2015
1954;PLIOTONE 4003
1955;OMS
1956;CELLOLYN 102
1957;NORSOLENE RESIN A-100
1958;NORSOLENE RESIN M-105
1959;NORSOLENE RESIN A-110
1960;NORSOLENE RESIN A-90
1961;NORSOLENE RESIN AR-125, ,0,